name,age,address,start_date,end_date
Timothy Delgado,28,"3185 Spears Ville Suite 997 Mccallhaven, MI 90823",2015-12-10,2016-03-15
Charles Zamora,36,"123 Leah Extension Apt. 682 Robertmouth, MD 68034",2021-01-08,2021-12-30
Wendy Allen,63,"4156 Darrell Ramp Forbesborough, MN 77571",2015-07-22,
John Garcia,38,"8955 Smith Loop Lake Deborahmouth, HI 45336",2020-02-27,2020-07-19
Scott Simpson,52,"80478 Davis Light Apt. 971 Sotoshire, ID 86429",2020-11-10,2021-02-26
Kendra Perez,63,"564 Smith Rapids West Victoriaview, KS 33368",2020-05-09,2021-04-14
Michael Garcia,23,"858 Kristin Mountain Suite 103 Tuckerview, CA 69179",2017-12-17,2018-06-09
Kyle Carlson,20,"75230 Ethan Falls Bruceville, SC 39226",2016-05-04,2016-12-10
Brian Lopez,45,"9568 Aaron Crossing Lake Linda, OH 17778",2014-11-16,
Hannah Thompson,62,Unit 1224 Box 7442 DPO AE 49069,2017-02-23,2018-02-09
Deborah King,34,"4750 Mark Extension Apt. 973 New Tyler, IA 30326",2018-10-03,2019-05-16
Steven Morton,27,"892 Young Isle Suite 691 North Christopherfurt, PR 42580",2015-07-18,
Rebecca Bell,19,"9198 Morrison Ways Suite 696 Sherryborough, WY 72463",2014-04-08,2014-09-12
Kenneth Collier,52,"495 Gary Dam New Julie, NM 71555",2019-02-03,
Brandon Elliott,18,"68454 Scott Heights Suite 313 South Theresaton, IN 97411",2017-06-11,2018-02-16
Kevin Bryant,25,USNV Mitchell FPO AP 27363,2021-05-02,2021-11-20
John Rice,45,"4890 Werner Squares Lake Jennifer, NJ 32347",2019-02-02,2019-10-21
Lawrence Murphy,41,"4354 Perkins Path Suite 942 South Victoriamouth, GU 81101",2016-08-11,2016-10-17
Matthew Williams,65,Unit 6797 Box 0451 DPO AE 84033,2019-03-18,2020-01-16
Clifford Flores,27,"6774 Marshall Stream Suite 146 Lake Raymond, CT 54046",2016-04-07,
Monica Thomas,64,"489 Edwards Cliffs Suite 415 Mitchellville, FL 31819",2015-08-31,2016-01-28
Maria Cooper,45,"26098 Thomas Mountain Patrickfort, OH 46998",2019-02-06,2019-09-04
Tanya Wood,34,"529 Anne Crescent Byrdstad, NV 11327",2021-08-20,2022-02-13
Jose Dickerson,47,"0467 Russell Views North Morganshire, MN 18393",2019-10-27,2020-04-03
Dale Smith,52,"92984 Amy Corner Apt. 300 Mannberg, ND 74057",2022-01-06,2022-06-16
Rachel Arias,48,"4511 Hopkins Circle Suite 304 Henryville, CA 93359",2020-11-08,2021-03-18
James Foster,37,"08764 Baxter Branch Burkefort, VI 84841",2015-08-09,2015-10-28
Daniel Lee,30,"045 Blake Junction Apt. 741 North Timothy, KY 62292",2023-08-01,2024-04-09
Laura Chase,24,"4989 Traci Square Suite 611 Ericksonmouth, OK 08424",2016-08-27,2016-11-07
Rachael Moyer,27,"15621 Dana Shoal West Sheryl, VI 68130",2021-11-14,2022-02-28
Luis Patterson,24,"341 Ann Roads Joseport, DE 72568",2014-06-01,2015-03-10
Chelsea Mcdonald,58,USCGC Edwards FPO AA 54868,2023-01-29,2023-07-14
Ashley Johnson,64,"653 Sanchez Shoal Port Tammyland, HI 85500",2014-12-09,2015-01-19
Alicia Cain,21,"4887 Brianna Mill Kevinberg, WV 06827",2021-10-27,
Mr. Chad Schmitt,29,USNS Frazier FPO AP 72673,2024-01-12,2024-02-23
Tammy Williams,26,"98125 Wallace Ports Apt. 728 North Jonfort, NJ 76031",2016-05-20,2017-01-02
Dana Baker,42,"04379 Jane Stravenue Suite 336 Gutierrezbury, MI 67907",2014-12-17,2015-06-17
Linda Bass,40,"22665 Cheryl Stravenue Apt. 840 Josephfurt, IN 21514",2015-12-22,2016-03-12
Daniel Hall,65,"9154 Kevin Manor Lake Amandachester, IL 41445",2019-02-26,2019-04-01
Melissa Williams,25,"24655 Valdez Crossroad Apt. 448 Tracifurt, VT 10825",2016-11-09,2017-01-07
Jesse Fields,38,"9344 Kelly Glens Suite 336 Medinachester, KY 50337",2016-09-26,2017-02-08
Kevin Smith,26,"36888 Scott Mountain Patriciamouth, IN 19436",2014-04-15,2014-06-01
Carol Flores,58,"917 Lee Junction Chavezburgh, OK 86106",2022-05-16,2023-01-02
Kelly White,32,"00737 Kimberly Inlet North Deborah, PW 44608",2014-04-03,
Brenda Nelson,57,"551 Baker Unions New Jessica, MN 01652",2020-07-26,2021-04-06
Joyce Robinson,47,"918 Craig Harbor Isabellachester, CO 68651",2023-07-23,2023-11-14
Brandy Jones,34,"09587 Jodi Wells North Amanda, MA 40607",2022-08-22,2022-12-24
Kellie Gordon,50,"9646 Charles Keys Joycebury, OR 81054",2016-10-09,2017-02-05
Megan Vasquez,19,"6921 Taylor Valley Apt. 516 West Shannonmouth, ME 01103",2015-09-02,
Brooke Navarro,22,"295 Freeman Village Apt. 554 East Victor, AS 01182",2014-06-30,
Robert Conner,53,"47868 Williams Harbor Suite 865 Rothland, RI 57124",2018-07-13,2019-01-19
Teresa Aguirre,53,"4551 Hebert Cape Apt. 563 New Ryanshire, KY 52253",2023-02-25,2023-11-12
Jeremy Ellis,55,"35375 Ryan Parkway Apt. 595 Lake Michelechester, PA 22028",2021-11-02,2022-08-02
Anita Cox,51,"098 Colleen Circles New Toddside, WI 18080",2020-11-30,2021-06-18
Mitchell Baker,62,"21590 Evans Pass Suite 577 Johnville, LA 18586",2023-05-14,2023-09-23
Juan Bass,25,"2787 Maxwell Rest North Joseph, IL 73664",2015-07-16,2016-02-07
Erin Brown,41,"08583 Kristin Landing East Lisastad, AR 45921",2019-12-13,
Robert Miller,23,"27482 Richard Underpass Suite 218 New Jorgeville, MA 79710",2022-04-11,
Matthew Poole,46,"PSC 6727, Box 4410 APO AP 09465",2021-04-19,2022-01-10
Katherine Payne,53,"470 Stephen Camp Suite 953 South Sherry, MD 82075",2014-08-21,2014-12-26
Mr. Bradley Wood,25,"763 Allen Fall Markfort, NE 37930",2023-07-29,2024-05-11
Victoria Martin,27,"449 Castaneda Forges Port Ashley, PW 37166",2014-04-22,2014-08-09
Jacob Rivera,24,"49085 Hernandez Parks Suite 504 Lake Stephanieport, OR 76115",2016-10-14,2017-05-18
John Bailey,54,"1677 Timothy Spring North Arthurfurt, MP 04895",2023-08-19,2023-10-24
Dr. Alexander Johnston MD,54,"310 Edwards Glen Apt. 883 Carlburgh, PR 36319",2021-12-10,2022-10-25
Timothy Atkins,37,"457 Esparza Fields Apt. 837 West Brittany, FL 92976",2018-04-19,2018-06-22
Anthony Reyes,41,"4280 Kim Crescent Suite 240 Fernandezstad, HI 15186",2018-07-31,2019-05-04
Daniel Lambert,46,"381 Warner Grove Michaelberg, NH 21731",2018-05-26,2018-07-11
Jason Long,64,"678 Wade Mountains South Elaineland, AR 62782",2016-03-18,2016-06-22
Jessica Huff,28,"263 Allen Trail South Michaelburgh, CA 56432",2021-05-08,
Brian Morgan,40,"065 Lori Pass East Nicoleburgh, NJ 99089",2023-02-28,2023-06-29
Jonathan Gordon,58,"6981 Tyler Valley Deanview, GU 21569",2015-09-18,2016-02-13
Robin Gardner,27,USS Middleton FPO AA 03079,2023-11-12,2024-04-18
James Ramirez,60,"91973 Ferguson Bypass Suite 094 South Benjamin, IL 95770",2018-08-17,2019-07-24
Samantha Adams,20,"9486 Harry Garden Kathleenland, WA 36367",2016-06-13,2016-12-05
Meredith Anderson,60,"356 Moon Mall Apt. 079 Friedmanborough, MO 89574",2022-10-04,
Julie Clements,37,"6728 Parsons Landing Josephville, HI 68351",2021-05-12,2021-09-20
Tommy Black,22,"5535 Jamie Village Evanfurt, KY 24007",2016-11-11,2017-01-12
Amber Scott,44,"9426 Abigail Walk Suite 103 Stewarttown, NY 31964",2020-10-05,2021-03-30
Laurie Bell,55,"3865 Caitlin Way Dianamouth, PA 07860",2023-01-11,2023-11-02
Jonathan Williams,58,"04636 Mark Way West Maureen, FL 34562",2023-11-05,2024-06-14
Diana George,51,Unit 5054 Box 3918 DPO AA 71044,2017-12-25,
Rachel Doyle,52,"2893 Jacqueline Lock Suite 023 Ronaldberg, NH 07839",2019-07-20,2019-09-29
Jennifer Lozano,26,"1614 Ferrell Views Jamesshire, OH 01671",2022-05-29,2023-02-15
Brenda Dennis,43,"74753 Williams Extensions Suite 349 Grimesville, MP 16455",2022-05-28,
Jessica Fuentes,50,"13795 Ashley Rue Michaelborough, IN 50396",2017-05-24,2018-04-10
Mary Jacobs,43,"7384 Russell View Apt. 572 North Samuel, IL 93502",2015-07-07,
Patrick Evans,47,"78978 Smith Ridge Cobbburgh, NJ 02409",2022-10-19,2023-07-07
Kim Stephens,21,"12307 Tara Fords Alexanderview, VT 79097",2022-08-10,2023-05-04
Bryan Hamilton,48,"6078 Bailey Creek Apt. 719 South Anthony, IN 24916",2016-06-01,2016-11-17
Rebecca Anderson,56,"343 Castro Motorway Suite 161 Russellberg, RI 82861",2021-11-15,2022-05-23
Thomas Benjamin MD,44,"499 Kathryn Station Myersland, MS 24976",2022-07-13,2022-09-28
Brian Bishop,54,"53661 Harrington Way Port Michaelchester, MT 15130",2018-08-23,
Kendra Gonzales,18,"6516 Jared Knolls West Tiffanyport, NY 40266",2016-04-22,2017-02-16
Valerie Nichols,48,"56508 Christopher Summit Port Mark, MH 72180",2021-12-15,
Joshua Graham,31,"PSC 0252, Box 0972 APO AA 38707",2023-12-25,2024-02-04
Heather Smith,55,"126 Elijah Cliff Jamesview, NH 21020",2016-12-13,2017-03-10
Natalie Rice,34,"2473 Emily Village Apt. 337 Masonhaven, DE 03752",2020-11-17,
Ashley Martinez,33,"77010 Gamble Lock East Ryanland, NJ 18403",2021-09-20,2022-06-13
Bruce Lin,56,"0706 Holland Knolls Apt. 557 East Justin, AS 01930",2020-05-29,
