integer_col,smallint_col,bigint_col,decimal_col,float_col,double_col,bit_col,date_col,datetime_col,timestamp_col,time_col,char_col,varchar_col,binary_col,varbinary_col,blob_col,text_col,mediumtext_col,longtext_col,json_col
0,13,281502,747.42,918.9,351.68,1,2024-02-28,2024-02-26 17:34:6,2024-02-26 17:34:6,2:3:40,G91HNTU2Z3,83LXV43UETQRIFV8MFHSFNBOWL256R0MNTK7ZBQSOOD3Y8H1BJDHOKBG88NTHJQ99YTRW38R9O56UY9T4ZU8SIDY9VGF8QXC471CI418SEVD9IINPCBXJDIP910DXC2JX8S7N5W3JI132IUC3WVT4E1PW4GE4A,'b''QLDS80''','b''3GXC3E3''','b''6KEJOIFEWZ7PXFWM8AT0EVZXOTSGTZKNOKFK82JN0U5QY2IKO5KDSWQ4O1LA1RELSTWKAXRAF2JG12GWLYH4FDLS6O8ANX63A9AF5PY6FVUDP4GR866Q4E8NXA840CFNLUEQXUR9ZIAA6MCW1R7SBB1E6YWGCPVEN9GWKIDUDX0HB8PVMNE47MGL8HJGP15DIFRLAYLM9TMQ8JI8YCDABEQSIVEH2ZJRCLA6ZM9GHLCBJYL8ZJWMPU56EDMB3B''',J0WTB4OGVHINVG7141CQDY7ZBWPWORDJMSAH104734QD0CSVEBN5,ACULVIAMIJCIJ7ROC39JND00PDNEN86JXXUI03P2PMWMYSEV0LOGRCQDVTXO3M8T6BIOKZ64YKLNSUI99JIVJRRVTWWKTPT1N020PA6KCE7TC4V9DHZA5540R31QS0CUA6Z2SUERKW5MTLO319A9NPXCMRZ,B92SCFGQ4RYWS5C3O1ST0VVA2X5L0I96C61N05QH337HANXZM53H056DO134ZXRETOYDU18JGIJQ9I2KJPFENUIX3HL9V6V4VRTGOLNOTRMMUA4O6QFILX66FTPAMZP621DYMTEG88UE4GR8EJVLCWA6,{"key": "value"}
1,76,543316,208.68,930.58,232.24,0,2024-02-28,2024-02-19 11:52:4,2024-02-19 11:52:4,10:2:37,6UMOWJ7TAJ,WUHSME0CELK3640KXHC6H5ECIN6WNQQEM0GNYLGXEC0Z7QXIA1J,'b''UH2KZH''','b''ILT''','b''BTT40APNUSDRYVXEEBBMMY1RZX54TZXCY37Z83KFQ8RH9OEP1J0SHHO6UG88CK0KTL8LMY820KCITDZK5R7WKZBDPQSZC8R0YARYARIHEU7VQK22CRLS''',R58A3SJOFY2J18Z7NQH1QZBHJYNSMWM0AB0L5VEEUEVZN220CMUER9QWGI9FBBCH4H1Q4EYVSKKFIOAEZ56G3MGI7IECJQB5LZP1CMM9LEYTFI3KYOROYRDFUNR9WBJ6JU10AL3TMAXB8TSYEO5CIL3HWZTKOG3HE9TXA0FKI1B8ZU3Q4OYMT5HS8ASZOASIQP042BZ8BX6LUT3E3XKPIA1NU20ZLV43216EG,V2PFF1L2Y6QQKMEOVSFEGD37MF91TGZWMNIIZJCFQXW4V6409IO0L0PT4OSJB1FR44IQPIU3EH9N98K0HZYWP7DGXD3EBAG,O03DLOMUGQV6ZAOQ0WYTL9J6EJH8ODKT8RB088YC10VHJ5MZPGUTI8PKRAX0V0YXIL3XNLRPI31G3QQCWYM1FH3HB1X5Z9S7O0CFIKUNWF25RW2GV7Q5,{"key": "value"}
2,35,491426,915.78,795.7,384.05,1,2024-02-15,2024-02-13 14:30:16,2024-02-13 14:30:16,20:3:53,7I1MF7T6YP,UISQAVMX3IJLC69JZPRN4IGDF8ZY91NZRV988CHA6KOY8I7QFFWMQHRYDNGJ2A3QHDQ68GHV8F434BZ9A85W3MGWN68ZE3ATIZ16V6N8QCPC1NYR6T0MK7ZQR08ZJJZS73W4JQQZTC3G0EHYAZQIUOK40U02QKLP7RTY8ZY2UFP2KO,'b''6VYRUD''','b''7N3FR4JO''','b''088HDWSAGSHK6NJ8OUN9X44C2O1P7TBWPCQZY6I66RYU44R96ZMJYWV8YV4FD6BJP63SYI0Q846IBG10H7VUML9NH1XH0ZK05Z2WLYZK566CER0RKSNGMPWB9TPR469GGLD2AXH55W7BHHQTOHVKUZ8AQH5H1LJBRFD5OVAP89XXCCHX0JPTGLUMPOBZLPE4HD1LB4JTSX173SZQYNGJGJ4X''',PEO1HVBF8IM7YUE972NH94JC3FLIVON6ZG1RZ7BK4SFW30L3FPHCZAOMG89,SDUXBPSI5LQNUR912FIW1DSRRZOTWW5MKKHNJLIQ3KWQ5V6M2E,J2VJHMF7INZLIT3BA1DG82PUFQMPXDNGEQ8PA0R1LP83OHDU50XGOARPAXU1H924RLXNXLVQHL95TH33A1IET1LTBOTBTDXK40WUIR9HG2C4A9IR2IK2KW56QOGZU5T9TQ8T2Q4D3H4QK379PT4YWWKF3V707J3AHZ642H83U5L4UJCK5LGN1,{"key": "value"}
3,28,633851,812.25,128.83,592.02,1,2024-02-26,2024-02-25 16:57:40,2024-02-25 16:57:40,2:3:57,W5CRY0TO7H,X6APELNR42LKDL77DV8ACK7WKBENIK0,'b''PNHMAU''','b''VFGC2BYMCO''','b''GSLRJ72OTZUDZ''',FK1M1GYAVG5M3CT3XECKN8L96R2GR0398PQUOW2FFUQGF2FPC7KY9QSE,9RSO16E5FR5ICW7CG1G66O35ZDWNZD8ET3BS2LPP17VVUKY6M0G79EJQO46E84GGTVCVYUUI5S2Q5J5AS167Y3ZO3EVFM270ND19BVL83TN43S51VAJFUB195XOLT36N7RT,H3586RZC1JBGEPB90ZRAG09IRKUINGKG0VAYTLPPBE9ULLPWR2F0PDS75Z8BSPC6GZ7Y7SXMNJH7TQLBAROZO93V99KKNKSM34I44AYBK1FSGI5EZ67RJ762DYV79G5OSQEPSI4DWGGRG9XWJ69CPRDQY5OL3WES9BBNJK33315VYC9BD7YOFWC86WANW8GWWWSB9UJVONIZ48YSPJ0CNQ,{"key": "value"}
4,50,195291,48.09,823.15,940.63,0,2024-02-23,2024-02-2 8:50:2,2024-02-2 8:50:2,9:56:16,6BU2KQDLUC,6BI40OHPT4IDLVFYWRJ802RGIFD7QA7AN8P3RTBCERBB5YFDZ9TPELXNQ0P99ZBMHQ41FWB8OK8NF203FLCPA1H033X679JEUZQUJJV1RENBXP315NQJQRJI90Q1NDEOA5SS7QYAJIF1MW3NT6Y6T37MGJLK0WXP5T77H8WPFDL784DUFYHCVIICCL8VYQ7BYBBS04JC3ZQQNOZ9T3TLLZI6SEXECRY2PE9EWQKPDMN1X5DY5PTIFI5GYQCU6,'b''LMLIPK''','b''U7HEIU03''','b''Z70BPF91QRVRC1GNJSCOVNMFS2GY7Y5GMCOEXGTIA0BV4FZJ3Z7MGIWXSKQDXVGYYRP74A7U5PGMX6VSU6T7WMPYXMYLOMZS''',P7PSPWLION0BULYOS072YJEKM5HXZED6P7BHU5H435GHD77FH3KP2GGHVHU4ON3BA2VLLWPD5H7Y7QFJ4AYFTLK1SGXQXERRA7V01WISHJ9VXG7ADR7SRU5HMSUU3UFNWG78RO5B7S5XI164UUE87U8B9JSBGUFNWEF02X16RKRV7D3QLV2J2BSZ8XKTZPUB0TOJ5YKFHSWOLPZTERYAQXDS8,95YUDYFELVJJ99K7GZYWIVRQM2Q1WQRYP2OBZ8MHLWDGUQ8M8MTZ7P9E3DHLEX8RE2AA5BFJIDWLFTLLPVK8B4ANVAQBOGL4VL3QGTJ9NIJLQGAIAM4695ZUK83ZR6BO8YV5ZI9UQJI8ANS4IDX1PWYL5JO6E84B1DTD41E322Y5CLFG4K3AQ7ATNZH8FY3NSHJV924GRRWDLEJ5O3KZAK9TFA9L0,71H6UVOE3BVLLKVKAX7BVG6DC0MKLNJRTCTPPI5FZOS8KDV5W8UH2Y63HLV2804LS12NXCDIQ4QM6ZFYD3BG6Q5OLKHPRPIWDQ1MJRL,{"key": "value"}
5,94,933618,108.28,400.78,209.23,1,2024-02-15,2024-02-4 5:39:59,2024-02-4 5:39:59,5:48:17,ENTPA54ZBX,0Q3OXKGKZFCM373YCGNL2UWLH0ZEAHBD6PHXKMLL04FO0M76AG3HYFKPN00GUTID96SIIV7MF3ULY4MHEBTVSZ43TPNPLOZLMTRSDIGWDSX4ZF7NQKVTH4N384ZWDUIADQ44XLJO0W7VFEKVGLW0YV419HS68HE7FIO8HZ,'b''TYPAUY''','b''QLUR9''','b''Q9N4CQJ3OXEBWJM''',DDI6X1WZAXZTEQUAHLML7463KPLAOR4WO73J9XQJ3V86VX74P9Y6Y9CBNELZ7WK76G2MLEOMSAROQKGECBU02U1YL5XKVORTT3VT6WT0247EKHUBXKK4BQZA7C0UQ9PZZE8NTUMM1UZXQGOWXUDWCPAQW4HRJ0CZNRE85C,ERGKEGD7XEA5V24MIQTBD4EY3B1XM9YEV814SFAP1W36AO2KLHFTACMZOUW851Q4R0WYIG58536KWDHRGN750GWCKIPZ7HI9,EK844AKE2PAZK4BHI,{"key": "value"}
6,65,588711,758.87,490.2,149.25,1,2024-02-17,2024-02-19 14:16:40,2024-02-19 14:16:40,20:38:15,Q0489CAEG6,UU3XTRHV1XRBVBFNRB98NPU76TR3OX3S37B6NDTKYML8REGHEJNP822KWVR1KGG9V9OUU80SU2HW0PJMOBC8SIJ4ZYS1EGOR88QO7MMEO4B31BB3D3UHSRMI7DZZUPII9UC029A3CSS8GK11JHZZTZSPXOEHITK2PMY4DBQNVKESLPXVS4R24IKLXCHQGAA2PZ2BEC8Y3JMNG0QY8VXJFA85PBMTIS6R,'b''0D3S6B''','b''Y1HYCJB7U3''','b''DA7AUQFQUU3DHCGNTUST01U69DBALKF30V0XL2SR0L80JWCS5KVGWG4ID2CN3TUF''',NLD8MIV7VB1NP3FSUPRDQGFT51OS82NYG9NBCCJBFRTFJSKYTLGOI2465L8B27ARH9IE2RM6S,PWE59Z4BUMO9JORWF4KK1DNIV2NDGFWIE2U5IQWA3XS44WTCFYBNR6Y17Y8AOKLC0D7ELY20HFYIFB3K6064IY2CJIW3AHID4NSO7SE36FPAQ39KFDKNHS3IXPYT6IY9FWAK6R8ZSQVL3WNPOR4AAN5B,IULI7TZQ5XZ4KZH24V3Y3GL4DMS2FTILV8JBDHACRIROIL7JN5W6OBR6GD4RWUDWG63HH0ZKB1JVYHTUUTCP8UB3ZNJSRGBN384EGP3M1ZGZV38PHDF1X97H8109PNTWBA5E02CFR2VAR1ZAJ4OI5UNSNDSGCX1PKHQF0Y5I1LXMAN94Q7QWGAK03K8BTEWLTMWSDEJH,{"key": "value"}
7,70,604312,610.85,420.41,538.4,1,2024-02-4,2024-02-12 13:49:21,2024-02-12 13:49:21,1:53:6,GH87RUXS9L,IBNAA5LMB,'b''H06TI1''','b''9Y0YVPE''','b''OV636W3FJ7F6GADZDAOXSYOGRAB50DEHG9GO6BNRQZO3FZGJICUG883AV6706Z''',JPVV54G9J63DM34KX6NR2E7WG04YNR5PBZCCC2USLR4Z0K4BKNZVJZ4HOGZE4XIIS9YZE526YWGYOKEMNOJZXPSDXMOO1MWUPHSS9O38O7786TUFKYV18D,1ZG0RQY2OZITIDDOKYAD6N36PCUY8OXAAKDZRJUSQSULFWRATCW5DE09JC5416YHX3T5PP0SENEK7OXBOOG5LO1N7LQVVTVB3DUZ726,Z9U854VQ0X0T4B4CJI7G2EQ5YSO50PCHK,{"key": "value"}
8,49,395857,457.08,203.03,60.28,1,2024-02-2,2024-02-8 19:4:59,2024-02-8 19:4:59,10:46:23,XGGE04C96O,W6WZMSWHJ79K2U4B3FRIYNEYL22AR72C2416OY7CQRN9WRHIC1LIN26TYGY71SRNAIX7UFDQTBH8CBLWMZTGXA9XI13599RBMQQJWJ3P3IFG87K3COJAEDHCQU7BKT5AEVWL8II44A2O3UGA3TATN10B4IZB5IEXN,'b''9HKPN2''','b''TXMSZ9G2XY''','b''AG25DRJO2MIP3AB0KXVQZMAKZDMJIC05KCBL4Y3VPH20K3OIBQGIIEI8B7IOP0AQFHMQNDJB12I8JE4AU1ZJL8J5FOZNJLJVWEMSLGR5ISKQPK2LB24EB0XW3GQ928RNVDXON1EI3DY97UADY79VOZ82A''',VTBBPJD6KXV17P6Q3JIQXVD1MHXMLLELX0X6B07RQMY9YEY9SJLHRJPHSI16ZZHZLBW6AY0PVC1424LZ7C001KLSX356W121CP5CXL0C3Z60IK1EITA18E6PMHGB32B3XIXSRAGHXX1TYROVXI0GG2BAPYU7FBZCJTHMSIBQXMAGBRKBOWVXD86S8N7RGGJ9C98FTJBLCBOCS4I365OMUN620RAAA764Q2O2ED2WPMF2R73UFWB42,R86KT2ZOGVYFLR5M84H6LBF1CIHPS26MS539U40EPSIE45WTFTOQ1GRADR090DL6SFOG3V5SKQ8VQIS6D06NBCZ3E622N2L45ZQMKVPNVQE7NFWY4NSL9YNLX641N4B9Z3FGLIJZS18B700MGD3YP167IQIR,ZDHFYLH,{"key": "value"}
9,84,236454,352.96,890.69,557.59,0,2024-02-28,2024-02-9 15:0:37,2024-02-9 15:0:37,4:26:38,FK1PBK2QOK,CJINWV1EE12Q37,'b''UTPUWB''','b''WDN07KIB''','b''HL14PSEX7SV0A6GUKLDMQP31416LT55R1X7YYIXRF6M''',JLK579XX22GPPBPNN88SZNUKUA9VLTYK6CPMSHHPA6,PQB892SNBPLAQL525PGQMRUFOV91MU0KHU29B7S,0V1Z16IFBSZPO1NSJF9AZA2Z23JXF7HXDL7T5SPTFCBI9L9AHJKJK8G5206BL8YSNKINFTE9PQREE3T8HMG3GMMNB3ST2NBY3AIPAD8ZVF038V64J42X7QHNS7SJPA04MLS0NUDPVZAD5H9GHE44AXX2E9KJYUFFDM0T8PL48X1W,{"key": "value"}
10,58,444639,875.08,417.6,112.31,1,2024-02-20,2024-02-17 19:33:45,2024-02-17 19:33:45,22:19:44,5A32M52GEM,TFX5QMLT6DRXHTHUNNM3V8QIDXVFKAHP0OH41PI79KQTUDKUMHZMDSIY7JOXTGORI7PXRMWXC528DQLLLYJLNK9J1UBAWTLNUNVG2IIGZGZJKXCBSKHA8O37ADMS3L570ZJKQ43D9,'b''GLWQ32''','b''4X5D59V2V''','b''NXJTD6I5TFI42RKXJ8FC36GAEUHJQZNVSARDYUE4WRBQLLL4U1AUYMDAILP56RGVMNDDK6S9H7MO5HXKUXF2WRUALAOZ''',C732LY58J7TF0A618DZRB9GUYEK0C37DQ4LO2E7W8XG2OK6CDTAKAY6B4M81WSLEPUBTEZQ2MGLMU60X7WFCSWYOYF6S9MMG84LMNW9XTBPLZ7SMMKIF2DJ3Y81WCAV7C8AV15NOO5RRPA74DLSBPKUKG0V9QXN1JJFZU4ELFJZ1DGYN1MOSQ1CNAQ6F8,1NR8JWYEVXGMIENJKSG7LWRDEKAZE8BCUW3519J,LH6AN3JTLJ95ETPN1MEZW0MRVDE415TCHNF6V1M67QFIHP5PVPSRNIGXLVME9WLFC5Y408DVHI,{"key": "value"}
11,70,567855,632.15,659.71,357.63,0,2024-02-14,2024-02-17 13:5:29,2024-02-17 13:5:29,3:24:59,8614R2HUP1,UO1M1SEDTGFELYG7VV9597T4LIVV41DU43P729EPQY1G7SQ8AQSL4DLQ5Y0CANTNF95ZQW1VAJXWHUF1BWBYWV78QW661MOKINEJMHHX2X54NC8511362B07XQANWBYWO96NWYAPZOGO1JNSPAT2FQ67NEXSBDMPSX8KCKXNT6NIZ61AV7APG7JYF6R3X873H47H8C,'b''04UBF1''','b''L3''','b''CGOE1RB579LU01ZE2CF5J6CDK77XX607F8LUNY50RLC59QRO8K5IYAGO75HVGUU7NMF9CREYSD95FKRZHYHIJ1SJ3SDZ0YY5MCW4PS1Y0XPMH2HNGNTJNLNFG''',XYQUNIUHYL0U6JVE9Y6266ECFO30WYPOGWPH716TAM2T63UEI2NM3Y18QD4VFC5Z0N8EAHFPW9XIZC9W3WMVNJFYS81HYNB35MSLXIMJ9042LSHRGTK2VYQGDX7ZE714K0AB0D205MXFGH5G7FDLPCY54SO00N2,TMVAM9CC51KDU2IJHTXUL69P3AVFDTAOZLI0WONLYNF9V46078LFBLGHDOTSLMLG2S9U57B1AMTWR0V7FQB8EU1ZMJ3QLYAA2KA7862W73UZYHFEVKEZMNR8J41GII3R6YG54QC8,T51LPJ4QD24YWFGT6S71K01HH9MTNS6KLLPL8FUIEP4OMYUOI57TWZK2O03TTHI2C2KX8Q956QW534SE9AZLV3J2L49KNSXQM85SG9AMJV5KW0T0M,{"key": "value"}
12,71,952889,694.84,974.11,678.99,0,2024-02-25,2024-02-10 12:37:50,2024-02-10 12:37:50,1:0:29,G6NOYGHPPA,WFH32JOA0XTPNIJLEFFGGJXL0CDZ1W513SPJN0DQDJ9LL5RYPP6ASEIIFM85TSB1JQHLXSNCXEF41DVGQ0LO7XUBLNZHQDV8LUGX6HJ6Z1KIE28FGOTU1QH2HZ0R6T6GEMFMZXZJA5SS7076OIJ4V5D67W2MF9RI99WH0O9FDZPJH1BQEK9MOZ56I1Z4YQKX6X85FU1TC2CUDGAANVN7S7YNTUOWH3W1QCUFYD,'b''UU5S97''','b''QZU4T8EV1O''','b''66KNZ4C333E22U3D0VUPGZVB7E86JGRS9HBS78KXAHGIVBS9M17G2H4FVHEL6GAH2BKRW''',BUKIU9HKWZ5MXO4BD2EW0B57TBI3VO6UJ57HUWS6SPWOJQZDJ51WUDL0EP7Z0WYKK4BYCLHF9H0VP0R6AOEE322V620A4MFSNTLEI3B8AHZH1KYBU4N2MDC53Q90P6JUYUKBYUTO57YWIHQNG5CU1TYT64OMWGCB9J60RL0PVIMR27NMVEL7XQEED7C6ZATE8RK2U8H0LIP6PLO5N0N57VHKWD,9IR870G79WZSH9S00LUE3R1XOZCYNECDC9107IX0OY5EXRVHX5DG63GZ8Q21QDHJYHPSOO002KC7YJLPCPQITZ8XU73Q002YHUNIJZSAPISTZC1,851T6S4HJF2F19OQPT0FTKD2OJR5PW65VTULIU4R34HEHGNI4T94IBXKUONTNKAP7H02VA653H4SMV0H7JONHTA2PJHD338DGDPK2HBSSRMMQ6305B3QUIVYM8K0V76AOLZ0E,{"key": "value"}
13,22,668023,220.55,965.49,408.96,0,2024-02-11,2024-02-21 4:6:47,2024-02-21 4:6:47,17:24:1,KZX8GZ3W2L,7UXD1GAS9QOTF9VKQ1ZB4P5QVMSMYK2YX38TNY19EVXQHZ4X87FSMPL2NPB,'b''OH5WCR''','b''6CYEURU0Y''','b''89AXQVQFUS8UBO1EBYHBDZGZ4XO8CU1X8N73STMZH1VFTXHX9EDY4S4RO3L1C26E5HM95VK83WUGVBDVT697GP69DV8A6UU''',ZTZW31GDPFRVHDFETHEE1KPFTRXLPZXCQLLYI0SXZK4H82FP6YBFQ8869DXGCZPVMD2DWL989ES0ZPXCJNOR2EITW6N0MSQNWYT9F59GLEL1AL4014YU740K66FY63AJUG90QVK6RV8SGJNRPWOQCIW31U94J,K7R3CI1IYGX5Z5NLL3QE9SL70MKK6KXBI9FSX,8NZN7H9X7I3MLZA83Q0DC8YRLJG1CRXA81BXI3DSGS6VRNVJRQJXOUDW3TXJ1BI72QF2SO85U8IOMK7JE77NZS9MEPY002LQC3OID78ISTGIVJ2J54EB3YOZ2I44VLGPSL53I9C8CIRGJ7J3MV3ZSV6PH5PXMTS6C4QPEAVWRAVY93VSJ70PYCK4HJEADK4AVU0ZO68LH46H4PI2M2IEQ,{"key": "value"}
14,95,595453,888.96,249.61,738.54,1,2024-02-2,2024-02-6 4:15:33,2024-02-6 4:15:33,21:51:50,Y77TF56J0W,UP6S11ES4KNX9MLBZBCYO2JGJKZDLJHYOLB3DQ88159HZFL71B8KIDAGCRV8AWK3LU3KTIUBF4QRILXUE3OYYPR6DGA840JBDFIS0G4YOL8GT4A5,'b''5SPZ11''','b''URL1''','b''QJPR2RBFM''',FBDPSOJ3XCE4KFU7NVZFDCCKOSVCVX6G9T1GJE6WOJQHF0P4081IHI746ZKA6UIVF7FKVJ82YF6Q6QQ99A4YPIKUVPVSHQCOHP6PYJP01SUT2LP2J1J2WEEGRWG5XXNL0ZCLD17BXCDIBKOGMW8PUMOQ85WPNBDCI3D07XXTSYEJJIBCPUKLAGL5S398ARE620WES6UFAXM0EP0QHUFDEI3U12C2SQ3M4PPX7DSYZ2TOC6,HCGZKE4ULQ3J6RH4HUOG3Y24FSV5YA1EBJXPP9VPFAV6WRCRI6DI0RMIK0IKIWWO2QHGOFSZNQSBLOGMML2GSXTCQZGYNE8RU5VOAGWF9EPBMBJYHHAFO74TF58PQ6K2PN3OS6SWGPHS1PBG7EJICMNSPTTHOVV64YF9ZXHII2Q8YTR24M03QRLWE3C7V7C,26E5JS9ZY6RANEVNYJ1BS3Y4VSEUQM28AQQVDV5LHHAVOGSZ61Z582DWEBIMMEY7RLNAP22IJDTXNS1OEZYL4JHEZZ1MENG9P8278TGIHWO4DU2T0ME13BMY9FRTQ26NK3FM2183TBQP29OC1EKTDINOEF0884YZLLKBCU3TROG5OY75A0QBHQD12DY6K,{"key": "value"}
15,94,589271,789.13,938.98,739.02,1,2024-02-11,2024-02-10 21:49:25,2024-02-10 21:49:25,9:40:25,U3DTMYJRZ1,T3UOI7WVLR4VG9NM4GXL1NXIHL8URCUD5ELONHYG95CTQ9YM5VR4OG4YH1DUVWZ1T1QIXPY6IAQK5PBE3U6NQ5N8SZ5N59X25R5PSAMRV8RPQDIO2SC4RUES837W0JI6CR7NLC64JS65,'b''9DRWI7''','b''UBORW35V''','b''NCS76KRBPWMTTHDHKNTFL''',RW4KFN0GPV9M2I9RYSY8D6OTFGMZ4QJEQKRUBYR7C753TVOHIP3R6ZIOVAB9S5BE4OU1FPZY9SNLV5RIDDIRM0ALZH4V3QAKTA4N8ANXZZ94H5XBOA7QWDMR5H5347HEORF0ZEX1UT58ETMG6VYRQT2VBONCDV63S2MBFPXBO25KU7N4UXCYFWO6XL10LXRIULBC2WM7FEYR0G301,SQLWPFTY2ZMB5M3CCL4PKNJV8HY9F78LWFPUG1F25FP2PELCHV2KHV7SSC51MVXHS1EKYIN9UIFJXJEB6FTATZ9IO7OR9RYK,D1DT6Z2G07T1I0XNI2214199LIL43VRUOOYX58CYDN41A,{"key": "value"}
16,81,896792,409.91,553.64,124.89,0,2024-02-11,2024-02-7 8:16:39,2024-02-7 8:16:39,8:33:26,ZRBH3Y8L79,2SVUNLWO19EED35619CVHDQGI91Z17OKON067U3HWQ0RFEPM3LPKBRRSGFYDIJ1W0Y4VJC3CW69WBW58TCDBZBU7U9FQQOGZIX2VJGNPOIVPKE9MRR8Q8D81KN8DG5SRSD22NYJGQ5WO0QPW3DTBM20DWPDVB34G0MAMXXQUQZS47D34PG68KKQPBDE638ED5E2XYHELS93PNM1FHSVO4J22F1T0QE5J5Z01QCZ5B3J36,'b''QUK7R1''','b''QQ''','b''N95GZFIGI9962LR503A1ZK9HQ6Y9CCABTNDX18P21RPU0ORSXXOAXJW5X7CM7V5AA23SP0QCSX4LDRX93PQ1H1PM19KODX9DJE4VU25YE20IIPE2A2ZGYYP5HHW4BOD7AK39I0DLVOKZHNB7ZQFG92UCC3B611N85DMACBV8C6NHYL8''',3QI92OF96MXDZLTF4U0CP8KQQMCAXURYLJAKCD267L9T94GVB5WB0J2RE7HQKUFFTOJ2IX0V53K0CG479JPK3V066BMTYQQ5S9988M,92SF6Y9WES2DJ39FMZBZH7JOP2BDZ36OPD811R9FFP309SPBHNYI24P7I54A5FA39UEFM9CCL2A22QUA3UDCY8UFVB3EKWPX798WWOHM0CYXE04HYOQKQ3S9KGLHMCFI7K96DCK60VGITO73UW69W,EO6ZH9ISX9AHHP022HHVDGZT6PEQQTZ2P2914S6USSUW7XQAJ4WX5XZWYJ3A7EZQ0GUONRK5Q3JC59FW01RKTZA4LP28ZVAOUUNNW61W4VP212NVI5Z0RQV054CO7IZ8NJEQE4IV4BF8J00Q8T2T27HA1558ZYBTLTPKSOU47J5,{"key": "value"}
17,71,138462,853.34,260.6,720.17,0,2024-02-16,2024-02-28 12:32:58,2024-02-28 12:32:58,3:1:17,NLB42M6RT6,I4C0MCFZY0BABNVRIYQZZ41QITUCUPCI04N75MHX2SQJUKGFBO3ADLXTTGOACY0PGBDR4ISKJ7YVWDUNCLIVDXAGPVYUBHT37TA2MU7LE86LP1MI3C1DDX3DJGUWXAB5F2C5EGMWUK5TSDBQJM8B8PL19GJ497QKENJEW7U3E,'b''TDNHSY''','b''APMSHUT''','b''8PNVF61BHZ59M9BJIV754GOS15HK15X38L0JUTIOJJ42MQPV01HBXABR8UDGC6B6PI0XBUK4M3OPGFEV1B340DBB5O6192BIJ9PU145C63U5P82MY4UXM16DQU4VVJLARZCNWHMZBATAAJJX94WUCWE9ECR0DZAV8RD9QA48ORL7TPPATDV576E1HGFOO66WPS54D3SKTXSZT7B68TR4QUXU0HHJBX6Y7V8S9H09URV2N7G''',K5YIJP29A4HR3N1R410NVTEWSZJKPXF,DL8P,NZGJX0T1ZZ99FNIMUJ21650P3AS63YSJ381H7YY68MFGWQU3Z57XQPR16P1M7XCTF3G965EUGORZS6X9VXQ6SRRVDAWTW5TZZBHGT5C1YN7H7ECKRA8EOL9NXZW9RG1MLW4SK0NX2M9492QAUSOT,{"key": "value"}
18,2,426017,356.47,209.05,746.7,0,2024-02-13,2024-02-2 4:54:45,2024-02-2 4:54:45,10:6:39,JC08118L1E,901DHOBNGLMANWOV60OPY1VPATCMEZ04MGI94D3756NWNASZL5CWZ4TMHPE1JTESUHDTQQZX4ZT66T82PVDZ4I6C02H4DVNV5MCSB5NEKCO77VNPGL1A5ASOG2A1FWXU4VI6VD9P0F0V2T2PPMVM10MQTVILFFBYSW9JHOKUN257H8TERSOYCVNT9SDWLBY0IXAHFTDNR0TKV59LOOOPVV2OK,'b''YWJM0U''','b''0U0SMKDB''','b''T5VB1RPH0EDNNNHKGKDPU81DLOF3F6TGYZGSFKM846EKNALRSSCRLJS8D7U9FFJOC75QJ5HMH5MXRK932HKOQ00B1WJA37L3BEXCIZ6WIPXNJD6ASBWX8VF03A15Q6NFJJ7QCGP0''',TMNR5ABO11Y4SYJPFVZUUUGODNYO8IH606QDQALN20Y5L8FWT4V0D9RQNRT,6ROIYUTAAIVR2GZTOU12KZQ42YZRQP8LN23BVRNBHNYG3VMYRUDCS0X19P5DNEZIBFQTTBR6UAE3XSAOEMFJNQL40ORR4394QFEZX0E443ENF9V9IBAN8D0ER29,7LI9FYJBLZBC3RI3EARNFGNOJLM,{"key": "value"}
19,26,927313,237.8,911.4,986.06,0,2024-02-13,2024-02-11 23:19:41,2024-02-11 23:19:41,15:32:0,PM90R1MS9N,BOITQYKQLD6AZIOGXBDI1FLIX7WB8DVX5XNTQIBP5W9JDC3ZKWZYUL4KK3RZWXR940H441BC70WXNS15ZVXD8QURTW1564UEQ4P7EK99D52DJM5RX774AK5UOAS1U2B3DTWKUE9RH0AL1RZKPBQC0DM7A3ERA1YQHKUN8EVQQ8V2BVSPUGVH3YHEIYESW2UV8G2R23D6D1FW1EK,'b''STG4MZ''','b''NNSKTOAU''','b''UDMZ9G8HY9THONV4T0M6MPJ19XYL7QNOOUGIXA85N8QC56M7AGON4D1U7AD69MRK16LCUVEL5XR1WVDR4H1Q77BM4GSWSJNLWUNBB65BDLY9AA0ORZBM4KCDNQ2FWM1AFZ4BSDYGQO08DZHS2UUGK4747HL0GL7226NB0FXPFLMQW47T3UBH3QJGMZ2EADSL8ZJ2GA5J1KCC69AW5''',1129RL3YG5AFGT02B7C06F4S0KPW65PFS2BLEPBPL8KOKFGU88TMWHMSKDVBFJKOI69OEKABR3IM21N188F4QFQMETCDPE5407OMH6HYB9OWSUV68506VAVQMXL4X7HQFMHBOJ2QAKPQBP557UZ4DXT6LLCW1ZHYCGYXU1ZBACG2GBDYSK65FMP59LG2YOKU6OAQ,OXMWIZIYAIR3HCT6J602KY571PEMLM4SEBQ780MMQOFY1R5M0VBQAM4ZR2SEGUJ4WCNOJJKX5UBZ4RC00O71S6ZCBRW5GB89SVTG4XZ1ENE2OBH6QQ5KLMWVA121WKKY30OXSVSGJCF0PU20IKL129O030MGR2HK1ZG99AWJ5T5ESCV3LU5GU32G0D3GXSLCR97YP,IKOAZK0H68OK2PREO0NJ6RENX68397YCKBOU680NL6TH4OZS9WK10G5CRE7QFWZXQ9V3K63VC4F8PLV1YIV63HR9TKD5456ZZD27LWJ72898EM1TUAK2JKM492A1XBE3GEXKBDK8IAC7K9KI9FFTG8D8JHC0R62P2T0D8YCXBPBUW3WDSV45EA0NRTI2W8,{"key": "value"}
20,4,775077,759.31,868.97,938.92,1,2024-02-21,2024-02-22 1:43:50,2024-02-22 1:43:50,19:37:38,V09UKHMCXD,LOPDE6ZZ6KAPOF4QQQCUYGT9EZAKSR8R2QAL82EO84XEJJBMZ74VT4591KE47W24GYWX44DSLB77TCUGEHLPWB58TZK021F5NV46GS4C38QJIUH1S90E80JQ3M7B5X1ZYBGQCKNKYJRF8JNQWD7TD7RR4G9B5HV9SV5SUZ18EH9R1BA1VW83USO931TRIEIMK216E1FZJOV2CJEBUYG18D7I9PN8AKTFHB2KG99E9EX435W6FZEJQ2,'b''8RVAMO''','b''QK''','b''N4G''',I2ATP9LG5J609ZZ2H2Q9X98G1SU6LEENW8T55G177CFN22U4F4N52U6MKZSAVFJUTRSY8C9UM9PAPDD3AU2R6H0PM53HT2N99J6I9SL3V6NNEJ53JG07DNYWIMHKATADNIONCTZJPZGX5FQTGCMK3Q6GI3LXWOUXDNFGKZCXLDRIGDWC8GA9AFGY379T0Q4IGMCR53NM5BPNNOVBVCPKF59OW3,PBZ1GZ51EJ52G4STRAJJMWGX1IVADFD6C9IFBX5E3UI3AIU8OX1KL9Z4X1EF3PCKWFBKEYBZ0J3RAP6Y2PJ7AJEMD7BKYKKP1MXGDJZ02JI1O5VGPO601EX1PEL507D6W6PU,3YRVEUHQFZXWEIDWNZ144OE4V1ME1PVQO3TADNUD0U8W6J6IRDYC8D9YQ44C1CJD5SRC5RWFMH8NPRPJLC0BWF3VLBHBN6105ZYY05HWG9J1CNOG636OB2R0G6Y,{"key": "value"}
21,51,396952,868.82,856.27,497.46,1,2024-02-24,2024-02-17 23:44:3,2024-02-17 23:44:3,18:32:51,OWPUPSCC0O,KMF4AI8QDPXRFEQFNCL49HWOG5PTXRNRQE08TBDGUNC6TB4K5O9DP5XJXRKXVP,'b''7L9AXN''','b''3GUKU1''','b''FIHQD3SJUDB81P0F83L3PPQKA9JYB7NMU5DA24UE6MNN3VGPE2N673E5BNFJLJBQFCBCI603F8ZQO3WQZ9FR4TF9GAPURTUNQ4WWT5YG9DLHPZMZ1A8PIMYMMMDVHFP2HX5DDIKGYOIFHL62PV38U6H6CWRO56KO3FGF3MH1TAIOQ5YB4NJ9JN60F2X8GT2NONHDCFAZZCJLEO1B04HX''',UD7L2VO1566R0ZEDUV8L9BYJI3CDIGCX29,MINH6H769QJ1BV572G1LSU462G,L6VHA3FDPWWL2MJWG6MOQK6RQFQ4WYABZK2QTS0UYOTY0FL9JAFR6WIZIM8ECPUXFPNET5A0DTRK5ZHAFQTW8O01HUMFPQMK8K7QB3JVFQK18,{"key": "value"}
22,20,700625,525.58,126.35,89.84,1,2024-02-28,2024-02-12 3:20:1,2024-02-12 3:20:1,21:45:20,DMS0XB47FJ,7LQS6KFHJBTEDZPKHI05JSZU0IMSTCIHBKQEPMLN8K56HQO24THLX4LI1SMYKPEP5IUWVA0CO582BMDOGM2SI7Q2AEM1DYOMYVZ2GOJQDMRYR8RO8D2NVLJ6KV6YWBAO5DJUEYB6BUPNTLYBZILCYAXO2GDJNKGX9K686WJG2R1J4A1VBIW2RMRD55B2QC6PPUAY2W,'b''6Z1C13''','b''8P''','b''H0R8NGB4XM90VDLXC6QPYFF0VFP1YOBO9CKDT5Y77JJCHXYUEQTDGXB2EVAF2KQCKMRF2WFV6FT''',9KKO0TBBATX1Y7RLMF1YWTOH0KBO1FPT5PIQX27U30IOW7G0A42Z0HTT7ITXK0EU57PZYWPLS004XUE6GSC8RRJ78W5A8VNTV2BZG6J7,R49HF1Y247K1CCJBKQN2RPFZZ0AK65LIN4SEHY3RAO7FNVNPICQ81MMPYCB0I0G25I0W93MCY01I68E9Y9IN159CFR6N2XCW8H1WNTYBG2H3HFCC03KT3XEHAN76TTM7NFOZVN5U5PZDSZ74E8ERSEJ807N8N1HLF,XH9I32N4VA5IJOPJEQSOQQMUS249L9DE8PJJOKNUXQ3W2GI0OT9IPAFHOJ2MNY368S8BQJODSMPTFP0OJCECWUBU3WER0X8JV2XF7YLEIA5L7X40D2JTGOPZAUAFC7VDSSJ5FQ272BC6SOBAQNU,{"key": "value"}
23,8,338615,344.58,199.54,385.65,1,2024-02-10,2024-02-13 17:34:4,2024-02-13 17:34:4,7:55:55,X3K4MSD6D2,KW0ZFMKMD5Y3G9ONCB4AQ003TPFZMDYE8QY47RF9,'b''Q9AMGG''','b''4A76''','b''REC05J8TWVPMQGZRBPJJYGRZLRDRC2812K0HZ331BVLQZF3G23M9VQ8ZSKST9KM''',HKPBJZBIHCGNYAAN3HDD8NAZMM9FV7HJPBFTOJ970DMEWW5TRM4RXZ2DQDAUS5298PFUS0PJO92Z0S4IFEPW22OIG1GLB29S4JVWGL96L1ZQORDEXGDTUSKTY9VS6FSIS1FPEPGPTL1NS3AOIM610FBQNZU707O2K0D0VCDA0REZ52MPLI2AM5IN7LLP9,TXB0GZLSY1HCIXZZL7XVKGO5NS6OUOFB67JK1PP4QVB9TKLLN3VLG2IS6RRX79KC19Q1Q2IMI0ZOF7II8DNATU0QPSF1CC4H6FHRXMLZDY2NE60H6KIC4F5MPDVJSVQTQU7301TFZ9YCA3FL3XFC006PYJKGJBCEM0D52P9XKT2V1IPP00VRFUUHMP97OD5OIAZX9D7JLS1IYKRVADUX7LV4SB8C74ERH3QE6BDE3G97W9GKWKLA6Q7T0MN0,QGN0J7KEWDHVTFQL2JRA2691GZQKGXXFZMBRUPL,{"key": "value"}
24,82,829373,591.58,789.41,323.22,1,2024-02-9,2024-02-18 10:8:43,2024-02-18 10:8:43,22:39:55,30VNVDKSJ6,L5J4NRJX5JVFAK8M,'b''DTH1HJ''','b''JG5WG''','b''XEC44X0GCAX2565WMOFZA4LLQUDT8NL3DA''',U3DTOAS40O42FDTOQM0PKWU3IAG3I5YEJD9PXRURIYYWP,7UIIPLSSZ2X9HVUQWHHW74ISKY004SBKUFGXG1RS4BOJ7X2HW7MTGVFZ7ZA9TBHSUL2BIF57S3QDB2NC73R5AC6QBXFPWIJR7YPS2KXDQQNOJXKAO69XOPL9LRBL1HOENUAHXWJANP72FHWDN8E31DVEFQONRUKXDA37R4OZT81MV2J3X9KQOK7TABCU6MVPE867DM7PO42NQ9ZXRN2DQWGLTB5RM8KW8H4JFYJF085S07WSLQL34QURSRA,LGUCDVQXPDY4FDC2J7ORP1FNVKB5JDWKX89OIPQ5SITZ5YIXJFE71LF1JBFBCWQ9X41XA2OORB3SZ1XL9RHS5NHCYCEPJT28LR2FBJUYG4AC1AHTM3HHX4CORC1BR1OY6FREO9G1T7KFUB9VUU6PB6TFVSI,{"key": "value"}
25,93,151524,484.42,723.96,313.28,0,2024-02-28,2024-02-14 9:47:23,2024-02-14 9:47:23,15:52:36,K3L4TZXHAC,6WYFLV5KY1EDT3S8EU87KC9V8IWLNAH01SJBY5GEI5DJGVDK6XMLWR9JNDVFVQV9ZJ48MB6ZOZS0I14S3AWBCDNGMLPH9YYILYQAJJ1LNZ3AJNTA8CFO5GQ02B7TT4QTSR0WGVY,'b''YIXGCP''','b''X3FGUE8J0O''','b''UQBDGCCGQFJ770OCCRGIZRJBW0CKW5U21DJETVNZTO2RL3G1SNJ1XEIEBPLKFDVSA6US499''',OOBFCPFJ5VLL77CMLWWX5UV6K2VWLQ1F3UEDMNTYKFBI9ZNBTFTPN55H3UMYWKL4WR1Y3U8Y4KIN5YDGPEJTR63C5TDWJPPTMIJBPTDHRHNJU1RJTKOJSBOG04ZQ0KNZES2IE3SZ4BEF0OGH6YIA3QUYZS74FMZU128WOI7CLIKZQYN3T8BVEOXV,S0YBYWJB,LDPSKN02ZGWS0O3UYP1A43BXUDHS7PJIM1NI,{"key": "value"}
26,76,5260,236.77,871.04,298.27,0,2024-02-19,2024-02-27 15:19:26,2024-02-27 15:19:26,1:58:59,OLNKVS2YIJ,R7WV2MEO2YSRCR86512B4CT3XKX8GFB4UZYS3QA8GXMAX6OF76QSMMB8SBWZ2ZHX4FWWEDV2B42L6TFTGG6TTAARBT4XQ0EB86DOST40DQI4B1B527DFMT0S99XDYABRQCBXFVAAOMFWT1QUJABAD5QLORT8WNO12YJHZQXJCIK3WI4E0E2MW6XPDI9DTXJ98LH2LRL0KW25T8SD79FMGH5I6ZL,'b''4M6D2H''','b''P3HS9KV3''','b''ROG3G08DGCGCC2K5DWFXA35CFO3B15NYM92O8C1KZK9YY1PO7YMKM4BGJI''',K7FT3P4KDRXUGPYBY5DZFFXCLFF8IZL87Q6KP13PN6I98PCH9IXTRWM1CAMSBQF7GGMR8SO33DTUN5NZYBXNHA2UNH4MK9H4KXCLEGQBO8IEQH5DZ05D9OJH8X4XBT5WMBR8G4RTKLHN1OSU21MG919H99OX73COF9SKLCHUQNIQT2CJX0MTSX146NRUAR2GKH3UWNDUTEL3HR8C,3LIM5519J8JUVBD50B6LSR7P2EF8Z8QFKWC7NYOIAQL81QBPAHK89HDT9HNJ7JO9W9CVYT0BO8UU1MOAV5ARCMBKRKJ3FFXZONO9V62093IKOSJGJ5OR5F7CP2UMVLONZWV8LLG21DASKY2CM9Y6MTR5O83YMHELWQ611L9DGM5P9VDF2GM,V6I1K1BH4KMKWIQKRQV6EFNAZTQ8T7RU4HCZY82V19V0GS1RCF2GFBBOABBJQPCH9OXW2YJIW9YWXI3DMJMU1DLG5NIWU00L2RRDDA6573AMFPS0LFUID7IH030CD9B5N,{"key": "value"}
27,67,264672,816.31,679.6,438.9,1,2024-02-25,2024-02-11 20:58:48,2024-02-11 20:58:48,6:11:8,NQ4AWU2WL3,Q6HLVX9S4OOCHM4UBFSAUWKRXU5ON1WDI3NN2ZECXGY4X5QPF3428IU0YPRAOBZL2L2JH2K7UWJ6P56LPTPUL2HDD3IIDVFR097M6CQDWW0GY8OSSJVR4MZI69PL6L2JQ53WH54Q8RGNGI990IX2Z8CTJ5BO7Z1UFU36LLUAVWP35VJ21A5MPCX1WS4NOL7KFMCFNRTZSX8TG,'b''3MCCN7''','b''M3''','b''ZAHILOUNPEYWZB4GUQ47VAN2I2MIH''',C7BXL0EDSNH8L5XU5J3EZM48TJ4RSUF4HZD237ZU0X3JC4BG7XD96KP3ZE2TXNBWH8ROWIE8XAAOE9TMI7P26JBG1ZXGDUJUQ5A6RGP2O5LY4TFPHEFZWE3TIJNDD06D2WJOLRO8HKNQJ1JTNOFVGC5TUXW5Z2H61XYTKGK5IYTIMATT5IJJKBEUSSVK9D3Q097EA77F80O1UECY1Y,FUD3ZCOOVDTGXXGY347EQCOZT344WYOR2GBPFNABR273N2FXF93Q2J3LISXT8E4J6M01AMNC7O4THCHO7JLFWOPV1K70YU5URSCO21Q03V8NDWWIM4ZDJ3BXRYD0OR5EWHM2030Y1K86F0N1P3WCRYYQK4C02F3NGQYZ2PAVFYIFFO4LIXQQQQBF1Q48D7REWB224YU0Z67FJWCSYKUFHCU6QNH3A7BLLOMWT3CDUYT52VR77W3EXTWACZ3ZO,QUT7Y8Q7FN2AAT87VOXITT5HHEHDFPSWZ0RSA1ZCJNZRI6HDGO3MIQCH6WG9XJ2A9IG3HNUIKH7LLGFNBF2FS8RFXVBK77YAYGK9FGRJP0BGOLEJKJ5TBGTZTD57LZBMACJ9LB10FI5WEFLW1EDNDI7Y1G2Q,{"key": "value"}
28,40,485012,162.23,517.28,405.07,0,2024-02-12,2024-02-26 21:29:54,2024-02-26 21:29:54,14:24:3,9J9TSY6ALH,HJ308M1ZXLQGSQ7PSCJZ4NLG0MOV3X6GKC7YDCG894ALI0SLSFMZPZFKX5ULF7RGAI9Z5H8RCIDFQYSC6IIE0W5MVOKJEV4B1IH8461G69K,'b''K8QT4L''','b''8QOTFSC''','b''44YQ2QFKEJF96PJR3YX8RB3406ZZ32YQM1E2C25QBAED9TG4PKRQHEO6UGUAQ71FRJNH2E0N5Q5BKFS25F1MDNGJDF74MCDFDUWR6A1IPILC2LXNS4JG8AK3OOEO87434TWB8H7PMC8OQUMSNGBA843YKXKFPMDM1SZ4REXOB318XLSMPYGHUVFKDMRF72EKNKAK32GAK8PWVS5WJ8Q3S''',8N8AP0WOI6JEZ5QZ4TFFZ7ZH1WPHGRLI15Q1GAXJPO3D1EILDZ96ZMKZJNZLGAVVTZJE77J9EPZRY8GXQQJW9QZML9IV30TTK8LBCUBOV7RIFT,JFQ3A8SK5GKQNHG3ZKEIAV6OVK6M4EQ9MDY4E45Z359QNPLUUHD9VWS2VBXQAEXPEN1LV1EP0Y537JQXZELBOFITQDSLN9AWSVWE9PM7ZCEU3Y0D48KT0MC6AQK92O728ULM01HOEDZ1338IAL45EH0PUKZ2OHAAP6ZX18GU5TZGG0YMIZ2,28EWMHSSQKWGTVUR4OVOTN6VY06TU13BEPF78M7PUZNI09QKWKF6X62R4SDZBPQP2NXS06LJH4NIBEK8YE1MU7ZQDGKC4VETGDLO3X6D734GP0KTP481ZCZE0OAZQVB3V0EMIPBSG8VVKWHWL7RV6HQ5T75E38IGR9ZM9IMWVOZCU1DK0A3LMKTIMJ58R96SU7KRMAUPJVN7MYG5D1L4FV4UMWEN4WYDC5EBEQBJWRJOT3J42BHUB,{"key": "value"}
29,46,805047,581.45,492.03,922.13,1,2024-02-19,2024-02-3 19:50:40,2024-02-3 19:50:40,2:1:59,7WBB9QK5VV,L0AVO1AVD2ZWHAFVMI519DBKMW240MH545,'b''MAZEKI''','b''CR3K5TGBN4''','b''DLW9B9EP2DV6NIUDLOP6EJFRI025FTJL2C9E''',ZSY69SPP4AEDGLZ78T5YKHT9RES8PJSJ8N2WXRBIVU11UUH15WBM10YOKFK7CFGQ62QAA3HFF4LW6ZRC5XRSDHB06GPHRSYNN95JOWJ7P7CXG2HUHWL3QD7Q01AM0S5R6QF8CG57M8C35NXKM,CH2BZS2TTEPUK93JJSQF5XDMQ1SKNBW7IANY9,EDAMPYLZS9A2XAM5DIM5D6QXZXOOME20O9WCP269MHAADF2F1JJGOLZXYAPBDP7AVOFCK7T5VNKZOBUI00YD2CMDQ91JT4CM83YOKX61VUGS5H9D5579HN1LKZB1SFSBXLHSKEYY31R1JLIXR7MF4GUFMYCHZ1OZB94DD999LVZIB38CU7T1L,{"key": "value"}
30,80,980437,773.11,537.21,127.05,0,2024-02-8,2024-02-25 13:4:11,2024-02-25 13:4:11,15:32:23,2PCL5XHD44,A8J6ZO9AO6EJXQFX73JE7IKOCWXL3SI7TR0F6T4BKYEWLW1429GLVZH2IUY9LQQR9YPOKT9MWCB4ERP2T6KY57R3T05PRNEXGS364XRO8CYW7WSKXT96N3GG5GZ727N8MHM5HJ6QSI17FMB7M3NK7Q,'b''UCZTWD''','b''U''','b''8IPUCP6QQ''',GV460V683GP8IPLVLBV40PL8TWTHZ1LX5I5Q6C2SGD81UMH4FRFTL2K7RU3AE55SUS1X841QV6XGX07LRLXEYW0OXPOB7LI,CI36L0BPKNM2P1HDM66V41A312Z1UDPZV9NYOMG1U147N7AY4T1,1RWIWJVS5F21OYMGVU2QR31LI9ULIMESR1GCEHYQNU6XQIY1D922LE3T491PGK6WNPZY9VNOMZ4GBE5CPNWACJM,{"key": "value"}
31,23,207212,247.07,34.75,256.08,0,2024-02-26,2024-02-24 2:5:48,2024-02-24 2:5:48,8:22:13,SAIGU8RJ4L,7TCNCDJS5W6W7R86F7Q,'b''3ZX06E''','b''L5EBK''','b''125HTKJTMYPH91C62KSKSOYPKR1VLPF2PMHSAPGUE6GRSR40T4NBF0EVLQFCSF''',GRFUROB3HDOIQG0GOUSYX8HF9BK9CSOQRBOUAS9PV7T,T07S53VYUOZCO31KC8MMXLWU3KNY4TH08IBDJTAZ4SS2D9,FVPTY928W4SSSTRUKM4WGARX2LEZIEIZEO48MFEE3IMHZ83PIFVUWLZQCVPVRAHRWMQ2I2BMVXRY6WYKTG1LE76YVSS97C7JIF9ED1HNZO7DV7BMRZKJCUK4VI5QQ2Q3,{"key": "value"}
32,74,634642,384.34,878.86,998.38,0,2024-02-11,2024-02-22 19:29:43,2024-02-22 19:29:43,14:38:11,A76ECOH71Z,LH4WH4R1OD23HSQZMPX8Z20P5HHC80BL99WW1GA8SNTR41LBGRBL8X63SLNZQ9Y6V9Q4RU9863O0E8Y1OWCUS4YBO2K600ACUKIHH6V8ZANMMTW7IU3SBDE2NT6VJOB4BT3W5CSIBDURDA2NQ14N9L1DU9GYQGG99MWJ45TG2C1VAS0PUUD0EDO5X5MTAX9RPWGYZ3Y5JESCQMA5HLW2OIVJGLETDMFTCT2WD4SMVB1BJ59UYL,'b''NJ8RWQ''','b''DIX''','b''0S6YZKCARWYTYB4SYWXIBOHHVEOVCO''',YDB0AT75DFKNNSC3YBR0YX5RXQ0590L76C9F7LS8XW4VWQDJW18REGH4W7GTXJHAOJ6K354D5QK9U085VFK57J1J0R5A3WC025QAIDYX8CS361Q3B85VJT82JDXSVHX6HM5VY343V4SZ6YY9S0S8W74M0YZEGJKGOY5LK8SAX9CEGBGGKO0RR95CIEAGFL07T4BKYCIMSU2GHSETB0EM5Y1,IK4P3KQKSQG4XXGYEO28YKJ4KY8H92VZXH1GKVPLTOQDH4T7ROXWJ4E66NJ2465359R7KDYA94VYJZH6H3IP2RKRL4TYNDLJ2XI44JTNRJ0NX4XKBZYW8L2P83EHWKNFE0XZ7GOW2KV41RJ,P1DYLFSXFEZPY6X2QYZAGJVZOF5JRN9QGLAZ84EZICQVQ8SI0ADGOIYZLHITH5NG36E59INJKDGIVJ7CPTNLQ28KHLJKGGE3EDUCY0B0BVW5OQZSN3EZAKI02DZR5XYPGK7ZT004QXUJJL1MLQI8O7M297VQEVK58YWLBPK61PKKOO6Y5RRNHOE,{"key": "value"}
33,27,871398,448.52,883.56,771.69,1,2024-02-14,2024-02-17 5:49:39,2024-02-17 5:49:39,8:10:50,OFX524ARCS,UCP4U769ZOE1LTFR01PP3MXS0YAELIOA16E0HKL8RRTN40CYNMN1PPCVFH33S3XIP9PFSDKOUDA4K2,'b''RPOU5S''','b''4XX0SW''','b''C96NVB6V78QMAUZQCBL0I56JS7MNA4CF1URP7NS0J6M9QHTA9QIPSK64K7T1M81DVGA8A4SLVL5FIXNSQVDHKX5FUVWPQRPY2BH4LGGY33CQBWFDFLP1E1OJ0OHPETHODW201OH2JGWMPDQ8C2M2F50KB9T1B6T1BL3HE66D4NPM62BK''',GMUCZTB0H1GBI4C1PC5DQ1PSUPJ9TM8QMBFW0IUFOT75Y,4VQ0QG5MMNCVXD835U7V9PGSWNNUELPY06ULXX,CPZ8LFDJ3IOYHJ2I7XPRWD63NA6R80J6SANMP7EXBY5Y9RPV7M91J7NG332N4ETSG2XOD072L7J1MUFLAFXVJ3LU1UO1NDT2A9ZKDN5ID8ZVEAGXA4A4TG9TJTAFZ18P9M,{"key": "value"}
34,40,772771,364.95,200.5,251.46,0,2024-02-28,2024-02-27 6:8:2,2024-02-27 6:8:2,22:2:29,LA2WHNV4LU,PMIYU7INFGIGS7YUETO08TMMQK1AQZ53KUURDR7LHO17S6QOIXKUL2H9V21FS833P3399LMF8BBYDMPVMPD2JS94K1AKMWT027LYQA7SNQWHO2LTQ9EK3Q73ZXOCRDYSMROQ2QET0MF5J3CY3G4B5QJGKUQ9UQGT1URP8WAOFQVLX6G3MAXE4UX4FN3K9HN,'b''RGZ37P''','b''ZEVSLQO2''','b''J3JXBCZ5SBYJJGQFTGIKNSCW7S3XH88UQCAV9VU7HMYKL29T52YX26CHV2HSYT2SVGYLATGZJSCII9PGE5SWCWYS6ZG5ZOA1KDXRTOZPIKLVRN0OZFW264ZGCKFL0LO87EMPDUBZ71VMGMQY5RBOWDM8Y673BOS8OEPLSC6M2PR4QVF''',RZLE1GAG982D8M4HKXER9OBVJW5J4YD4TXFZFTSBK25VME907VTPI72JESESDZ7WYPG8J1T8GUALV7CJ04U697TVCJVW8R5DM44OZU1I0R8JRJNOABPAWUULUCYHBLZB7,D8A8P81DA76TOS4RMNA,8IVGPE592U4PGQPZ97ONAATITDYCZLXKDC1H70TNKGNBSJ477K88IKOR5FKOL9TSUAO52EYSOJZPFHL5ECF4G07FU7Z0S1S5V9X4ZDDVNJ9V7YEBV0G19X4723XJLJLAPHF9P0IXV04FNOP3PHSLVTSU5J92I2IVEQHUH2M1UWOE6NI2RELJM8MDPK0YDLNODTOQDO8WFWZC0,{"key": "value"}
35,37,214150,680.03,837.45,176.5,1,2024-02-27,2024-02-8 6:29:53,2024-02-8 6:29:53,12:34:58,2H90ZFAABA,7382XNCN74LKQR62RFS32NCGLOOH53RZ65NRIN8NP7JZH1HY0J5IG6YJ6BV4PFBUCB3VTR6FGQ2JYWIKV1DXBGF4MC4CPZYQ5RAPI0A66KXTMD0X3NZV1E63Z83AH6MWJJHP1PBIA8UOCJAHSJQMVYON9T283O4R4CBWTYYAXG7NEU9CQ890DW6TJKIO0ULH3SOFFNLRBP83OHB,'b''7WY6JY''','b''XJVY9RH''','b''XGZOABB1H8SNSGV3400RSSQL7T8B3Q13O6FG6PQAXAQ29WG3HQNY4NFZV91RQWVFECN0GGCC4ZO0PL979T3XU2J93XKU4QK5HAQOBIBJU4AGSZUY8Z2MRRRBD77B6M5E2RG95RJAB6Q7Q5UHES0VY745KL2DD2PILMH46NYX9LBKF3SBV5BVBEIQCBXV763NVDKVLGWUYD603XV0TMLCTIMKK0CKGW7CAF5RKYTE''',SWBBEPG8BMR6F04EUYV48TKK4V1XYOHABL7CHJL9MT19XRX310NP6I8P0S1XGIEZPBFCYYJPMZ095SGA7FG5FLH4QOPGG9SWS13J27JT8UB7J3DQP52KT2CCBZDXXXP1N5INXMUDXKASTFVFVBUO26N2NA83FATP13DACE6KD4CEWHTEMB6YOXQ8IUHPQS2DRJT1VGW2KL8OWILD9B16M0KSV78KDCGQZBML0UV77UZ82EGUID5C,7INDILO673S6VXT8VF7VJXGFMFU879K7OXR76VBXF1RTF6PO1Z6XIGGYV317YMDT0UFK3YA29H6DHXRATSYERNY30U5UE5C2TMDRF4YQDP7BR3D8QS,RGJ2LAI83LHF39SD8UDAO1RBKW7YI4Q7RSP4DQH1EC9TRE01FHGWAY8LYWUD8L14C9KY5R3DPKMNK7SDPKZHQ1J2SYTC9A3GCBKONTSEEO5XPWEPIQPI2YXJSWFR4T0QB9B6MC8NQVSETHRYPN0ZP7F97CS2YQJYN0Z9EVL4WVT9UG16NQKFHFWTWLZ65BFJ0H8PNUI,{"key": "value"}
36,13,532556,577.86,855.43,417.94,1,2024-02-6,2024-02-20 7:8:51,2024-02-20 7:8:51,19:29:30,LOCKU9WSQZ,BXXAPRJGUB0GHE4RHKWLRVVC91TGHICW7E1KJ1FP5PE53FT6GTK9EJXKOHPF0WFIC5L8NJSUQUYSUEAQ6GDTFDPIQQSGF6IZD10FUVP6WLK85CXEOVWOP2B41KW8YH272JIBU0PTLTNZUUVDPMV8FHL730CXZX,'b''D7XLYX''','b''FV1MG8O3''','b''WIOTQFYT2WAGOCKODUAQBBA497D5NNFTBMALBT094R12Y5FIBG0UDCXOUZYVXK0EWNOHZL1TSZAK20W7ZNUJN53BPKEGTVU7NIWN0E464E0FB39P9PXMKV9CJUSFQTCFLVVEO5956GT0M41ZG9YIQ0VGVFB4''',6QGJ19S4TDF8FONQGIPK9YZPYA5EX7INJX7EK8PQD8R0XPI6P8RY0K0LBHCZF6972QU7LKTZIV91MJB1,V1LAT2MZHS84SM9WRVE866HXY5AEFUNUKWIWE4QZY4FUGB3T6HUXOSTIKF0K434BV395J0D9PA200D1Q5WB8WK0GD8RIRUJVT3D9X58M9EWUNLBIAXXHV9WN7FMAWANKG4TEGHBA1O863BGHBN8KW36LA7G5WC1RTCTTAZ0TZZL8DF41LVHGH2Z7DD4XGGHLS9MSG67CNCIQASJQUC2PYA1UN5YFL6NA73ZHLPPEUEE757N5CIM4JR0AJHK,TNELPK4YWN8KMUT1RZA6YNZY,{"key": "value"}
37,76,142711,782.28,362.91,666.58,1,2024-02-23,2024-02-19 15:12:22,2024-02-19 15:12:22,4:23:6,73OGIOJAQV,WHO87,'b''NXJRHL''','b''0FI7''','b''VMRQBO9NI57MHQPD80TF205NOSJMG3ROZDYE5MMG5Y1QAZCJX6P5QKQL3ISKZSCMTZFSC1''',YEI6VTWCBUUD0T1H7WVJASUVERVCFH71FE311H5F260UFE38ZSDFS76ZZ7OW2TI9OVF1LHO89T6E48CS660XEHE65W0VBWI99KIL0TH7M07FOVJWXZGD5JCJUBAJ9CEY8U0GKIZ35Z5DRZ2UUZ8NP3D34P,HCP5RI9WF80UJWTOVQLBOGTQP0TJQF0VPJ3QYIYQCX2GQMBZ7B90OEBYHQSHIUX891ZZIK20JAPGQ8G1WN,HD0BLMDANHODUQJ6UTXYTB6X5QCCED39FXB455,{"key": "value"}
38,26,245575,90.04,899.11,226.39,0,2024-02-22,2024-02-10 21:55:30,2024-02-10 21:55:30,2:14:53,D4VZJNGQUK,795A3YH1EJ6PV8QXGJ8SZO8K8Y5SVPPSLW0R62KYIB35OYDI2WB2T,'b''USHQTS''','b''HR''','b''TO1QZE97LXMH8X6I5NCCDW8FT974BNH8PO6G1NLYNBOACVPE914W197K1I3DNVV19YMWZMYL7LKGG1834EQ89TN0IVQFBKJ07ZEM174Y5GWZ8RT6K1CKJRM''',5A,ARNE4JJ8JZ7LNWFI6X5TF6UR22V6VB8JOECPIE9D2H7,GGSNCTYAQZ46MATZZPEW9F7DDKW7TYKT1K8JDF1LWWGLSCKLNBT9N2G4S6GZE4MGTTEDHSDO6I36OL9SK8OJH79XCP9TMFF9NEYRRM9H5LFG4HOSOK1DZKVNSKD0G92S03O7TUK5JWT44KCPG8HRPF7SE33YKDB,{"key": "value"}
39,94,529390,681.89,944.54,845.07,1,2024-02-22,2024-02-3 2:27:39,2024-02-3 2:27:39,8:33:48,WCGGO7O2G3,FC2UT356IAO9IT6YJWE2WXGVSA19DKQUT3S3P0WMYA2Q,'b''AUVEZV''','b''NWLAXOT0NO''','b''ROMUHEO8V13ZOD0IHJ8QMZ5OJAYBUAIVYLIDO82FX9DKDIV94A4TR07FDOGN89H94AH8F70BNI0ZSEXUJ91CIJBS7UJT591D17QELVHRVKJUZ0''',H579APDNUQH0G23X2WWZMF0ZIHM4G5WQXZI7SNKVA9WZAXJXVNAYH0SBSY9YZNC5UD5IBY4YYM,UNJZYB5TWXOWHEVQA00,7AI4A3WPZ24RIQ0X32KHO43A9TGZ3OEOK588,{"key": "value"}
40,74,791362,386.29,87.21,526.17,1,2024-02-5,2024-02-26 10:25:41,2024-02-26 10:25:41,18:11:14,GBVI648U2C,SG27ZRPL3,'b''9H10VE''','b''Q9IJ9N''','b''GZQNONLG635G6I2EMEY7FNRWHBF79F56BIJKJF5UA34XGNC3Y15ZMMCD1FA5J5MTT38FGRQYOR8EF0H0EBRX9K9BOLS1FY0''',G7BPAAKSZ5P789Y7XWYSB9V7UR03QNOS6EPS0WZLQKZXW817M6MLGA5P8QNTATHJBXYKBNHUC1CU4NJR4SI3Z15LG0CXL7HD8LW6DHGF1VNAC0HYP4CRVCNSCK8SEDUXO4,52II11HTMM88YNSZNIC8MUKZFU0G4MFYR8UZ10Q9IQY185LTQZS31IOBUXV7IULTA0XZBH7S11KS2XRADP6MHJKP6RDVXRGBXG7NVWRTRZE0LH1V94VK27SF91J09427S3Q2O448XXZYM2O20LJJSMJ4P38D536SYS3YBI,KED79DSDAU6Q2B2F867YURLS83UGRT40PX1ODDZIG8NRYMN9YDFAC49KXKFJ1S2KBU4R2UY0PXXCWEB6QX9A5MMWU55RN5R30FRS73TEVNZPK1HSPODLGNUMPNTJE658Y50R4T50C5OKRWRIGF,{"key": "value"}
41,57,94245,36.99,969.21,38.39,1,2024-02-15,2024-02-2 19:10:51,2024-02-2 19:10:51,8:34:16,7BRZW78C4J,KXI10RHV4D3DCNDT7JNSC3ZMS6LXOB7EANGB76UMREZ4PC1KYOH0QK81RUWWW1EV8THWVTW84F0QA8GKKU5RV0JNAF9BCV25CS90CG00IRPUMO7KF3HLI6Q73FWUNQBVCB28C3OU485YPOYNEKNT38BBVF12SSCQWDNSRC4LP8A8BBTESTV08X6AK8JPYG4,'b''V4Y015''','b''GEWJM''','b''E17BB6JC756A9WRWZ9WJ1Z0S3V0PNZZMNUXE1UV14X26BRBVCZB0NODNL09HKWSBNI3CP9MQCJ6C53QIXFZACD2HA1ZAG9ONXIXZK9M5T5YOFA01CNR''',W1C0,BIPX106HNMO5OFQJSV8KC26FME4DVNNCLZOKEJKM2V8M28EB8A0Y0MEUX1CUSR9X1NIK6IYYQDV72M7Q96UQD6IR11TEQEGJM45EUMVH3RFMN0R7LKN8U0QFQN65NEY11HGHNS7D004MUHGM8J1M1N4W,Z96P7GC2R67WGF1LYJBTJS66GWAPXQGJFRF9ZWV2JJ4FEAXX3R1EL00L5WVBDPQ36,{"key": "value"}
42,72,583163,74.71,785.38,808.8,0,2024-02-25,2024-02-18 3:23:54,2024-02-18 3:23:54,18:25:19,T7SI5NQVBW,1WT4KPASB0EOXKZ6H7IEPLLN6W4ORR4I7UMW2CEIQ8QRVO0FUJGFRPQ3AW1M4BIAC8SWJQV0I7RISLUXM9C4JCZ6UBJZANFC4BF1ZFZS4NZX7Z2SK2WTADKEYFJEK33URFXK42LSBGZRDK7ALTXYLVU84NIF404Q3S0U3H3Q2MGHU2M90HWAEQ0W15T5ZKFQ4LTCSYWPIFP8EPY0B9PS3DSE5NRT7HGJP33IH16BSF,'b''THHIF5''','b''H''','b''T1TS3ZBH4IN0IR8DH82N1V9RTP2KO4Z4DQ59NGKIJ6EBSDVZ5BHXYWY584VIBH9YRGJKCSYO6RAAX6K8HXMS0NJFZ6F0GROL1WYT9ZHQE121I7BKRBI0GL535ML0O3TQ9YYWTHARYXD4Z7Y0SAG0E3DM6D''',SCP3YIKXVHZCODB2X400VTPV4KT4Z23MPT68T7QC1DK9EGLZR33U2,SXWCGWVGQJVJFWINYQHWAV245651HYDF6HMIJVIVDWLZ4XZ4G96L4066ODMBG5JUPO7LSBRG1GAEYXUJWHCD1BLD4EKOR776EH3WL69PN49CWPZN412HD8L3BGCYON3P7QSNBYOOD7188ROJBO,R93ZJ4UEAIWXXNRI79WQ5DVEU9Z9TOH40G3N7O5OXPQ72ELGS,{"key": "value"}
43,78,249775,379.67,10.01,688.95,1,2024-02-17,2024-02-10 18:37:35,2024-02-10 18:37:35,5:29:28,J5Q3S456N7,E558EJLCHWXSO4C7RCNL1Y0IGU02PSIC83T4ZAYAEVWE0QAR4XO5XINKZJ1FC7RQE0H22J6QC2URT2PBJW8B7M0XUKY5I,'b''5VHJO3''','b''JBJFNJ''','b''FELTRB4KLP2ZQDZQ8RX67NV5UDH6WRXJZGYCOXRVATQXUM3L4SNL8V217GB2OBC8SFAH56Q7Z7ZBRGQOLA8P83BWHAC1ZWMH4XNZ3N5LQP8YDPLT9BM9CS9PMJ5E3ASSPRGAGJAY987PA7N2797GOSQ0RHZU1R51Z64BWWM8J5TCS7VDTE8QVHSR7DLYS2W3CPB0H63ZSIEXHW52OEE82SFSAYRAHPQ''',KPU89NF4CG0PYHASFJLK67D74I2V76KD01E8S7JPWJ0FCQ7MR62J15CSLFIOD1GG4YG8JL8HYKJYNMVLO50J3OIZL4ZTRP2IY1UW3XUNQFJ61DH6SFM66XVUC4CV3MM91MYK1FQUJXT99420IR78QJR7KG9K8R2KFAEDF4AZBKZGI48QVGU45L2T279,94GZ4UWXLBC8197K53J89ZUHMHDMWCQB2CSV5,EFTAMZ5BC9N7W846YJ19EPDCQMUSYGYGKI00P0D76NLS19CSFS2RSEFLINSJDFD1YGXE8N8CSAH19LVE9960QC6P0PDTO6G0T913ER5HCYQ215FQ64UVOUNZY7GVAOMSACEJYOX65N29D31MKQH2C7EDMZKO2OEYS6MIDG7PVJRCB67WJJT67V,{"key": "value"}
44,7,869406,61.65,176.82,542.86,1,2024-02-23,2024-02-15 22:50:19,2024-02-15 22:50:19,10:15:54,BX8EEFO0FH,APHFIB2O4R24WJTWRS7QJR9M2QCLDIGQ5TR1ZD5CPATQ45HYBJ7T2ZT1VIZNSSSXFIWBU57DDYI5P2H8Z,'b''B7X773''','b''1W6TA6370''','b''QAWCD1W0J75XTO7917Z6YTBUA4RBVKHAZEPM3XOETMNA1LUZ1VO3VTUZPBFNICW9AA0KSFY9VYPK8RDJI0775BUEGMQO513WZ3A9PHPANLIS''',G0CFK21UL0CZP8PVA69QUPB8N7BEAZJ1RO5QNZLNAWJ27PO2Y7FKC7NJSRG2S7GF7UM9CSOD06FUJ459AWY0NWA4USB37YEATL97L8M0MSMP2VH0FSZ219ABR9V8LU,P2TJ9LZX2KTDS6BXFMOSBPH0V1VNKQUYXT7YX0UNNVCYRMMA5XLFKA0MEMSDAI8B4MPA30AYYYP1TUEWW4TG6B8RMA03MGS1JK0W50TDJQ0FPOZXV3ISK3DD3EI0XXCE2STIFZF4URF4I5,EAOMBC3YZA6G0YHGM555S5J36FLVJPYMESJ47AACUSNQX7D715DSKF0PX4U0H5WR452TVGELIXIIN5610NPWZLPGWXP06AUIC0MOHW095O60J8II0MXOR36O94EPX7O3B4TOVL8TZ0Q5NLZ3SCTVW1Q951ABLOH8VGTRSSBD3SCU2FZWHV73AUXM0W7PFY1ZK9TGD6SP,{"key": "value"}
45,92,514135,485.51,394.84,11.59,1,2024-02-8,2024-02-13 23:47:22,2024-02-13 23:47:22,17:27:11,TY6FCZXPW7,JDZ8DQAY2WO3PP92LM7P33CD2OPQADGK3ROKF57KIM0MT4,'b''XN14QX''','b''R6H6F''','b''1Q70AI9BEPT76YRB7CGI2GZ858Z4XO5F0OVYCJL5UHHHXW6G733HJ0FS7LFATJNEZWJIRYDLB2918YKDZ92L7Q1UQCNFRNP7JVXDOCS3J7M8U6U8JS5TBGDE80DQ6G60Q0L259VZUJEIO7''',KOS3J8ACPFKP3A5DQFZLMIKE5CXMQIIFS5Y5J4TSZ6IF68A7BZOA7L77COH0POPZEC0EZIX4JML2HHXZL4T2TRTOF5HM2DIEJ58PXLSYPX8G89DYD24M89QDJBSMCQSW11EGLFJ0MHFOZQ3ISXHVC9B2FOI8INTTKAQ9S0MIBDUSLCBB1VGONMY823,FR5V3WOHS9AVN3UURXH5YKHLUJ0LY2E55ZVANTZC66FJKRLX6DIZRBORK8T05QRWK90FBMPRHMGNNI3XM1GISHLIW3CDD3DIK,AXJF0UT7C7XAUMM1RZXOCXDX49LA95FZMQYP24XQ38S065LID8VI5XNYDAD45G8B2TJN2HIMJNG2OGVTH3NI1UJTF3E5DDGQ0OL4XI606SEDOZNGF06J5WQF4PRUMVO8T9J4NB1O91FONT00V3U136H6HZAPWZ8LD5ZH9JR8AQ2WNY4J7RJF,{"key": "value"}
46,1,631009,13.98,230.53,523.01,1,2024-02-27,2024-02-14 16:41:6,2024-02-14 16:41:6,10:11:9,OBFAYQD8KB,HQPTTECKDWLX614FDQ2P0AOLKFTA677GV6EB79U7UNXZ9JJBDJ35LNSR0X4YVQUAHSH311SFZ2VCEO80JGI2TSCUF38EUW90ZHODI89P3N30EWM6R7BSX9KHBJHOPNGAFZN505,'b''127458''','b''XAM3SSK''','b''CHWVY5KZ9B8K2V253AHTGEPV5TVFOW178V8GNUAUFT0MCMI1JDBJGTECMDLDE6GU1L1MEEW7CPB5UCFXDIS07AM6FTDXLHDN08301OJJ8OC48B97ZX348LW9RG1U2OHHQ8W19UT72N3SLNB5RVZ75OIJGXSFBNI3523CFR16S2JC8XL2WCFNS9K8GM5U''',YSEKNCCEZC7ZD0,Z5C330MWSN1KLQUPA6BYKUPUI0M6854IJ6EM8WIVRMREQWM7JIQ0S9ZCLVRI17RONVKKGPQ1GOKLTEKPGZ0OB7X0O0COY6WYY0NFTHD4EJLF7IZMG24Y2HLW499KLV91UHBZ50AC6WPL5ZU9OPCUWQ192C,QNFD96JP2NDZYTJAH244ZSXYFYL8FV31OBXS4DOV672KJA272DRO,{"key": "value"}
47,64,687000,361.56,555.96,758.63,1,2024-02-3,2024-02-21 3:17:24,2024-02-21 3:17:24,7:1:29,572HPKHMZ3,7ZQD87512I7U1MWTHIM7MQL91Y5CF41U5YW25QQUPUC0X3MD2ZNX,'b''QFX66U''','b''8FI9''','b''V5VTDOX9WNAW0Q7IBFGLWP6XOPXFV6M7Z0FB0KTZ1I0XAVBMDTV4IGE52CT5I262EE6MXN7U52QI4WH41N9A0LTB97U9CS4BG1FED8QASILPPJG1608GBV7SHOM6V5WULY88FYZZLDC18H9HHLS0JHB9CRMT663W87O1ILK37VTQE3ZL3C2K9FA526S44C2NXSP6ATJRVXXA''',BLSX7ZOHRUWHS4TLUDOS4KV4HDL32A0326P7EGCYIFTH3QCH1MH25D48TK7RHLLZLVO469R4ILTBFN6E19SD6F706R5HU3GJ61E0LYDJ2AGCZAHEWK0B57KW1LOQX4UDL9VMVD,F7K7YWSBJRCP32DAOKYRY9BFDS248VP9SOLL430MTNICROS81L284VXJP6JSHZAGDN7P72UKD0S6THAMQB747O5CJR2OI7Q6NVREXC1I6N4V4DQTK37HYWV9D9FRKTXKO3U90F054K5NVC4TNPO8QEG7NE31MYZH69PE65Z7PFI7IZMRHBUBVI5TUS0MMBJ76R122ZTYGZS25J240OKSQ5PJAR42Z62MVX6BVOBB,Q52FFMJ7J8ZKT52C4CLMX58PNQR3FB094CE8XGRPS5N7O28TEDOU42N353JGTPRQFNBCOWZKB2DFC0YRHIYNELWLOXATNL8HIKIYW69CYK8KBI59BIHUH1NOC0XN32YVZVVIHRC3NPIPPJL5I4INRU2YUHX20DS490IZUVZJI802RIKDTD441RVUWER9YZT556BAWPFFN8LX0X69RTDWP1I2I6WGD8V7Z4QM0Z08CW06BWM0EPY5WUD8DO6Y8OD,{"key": "value"}
48,71,987090,492.97,625.5,840.59,0,2024-02-13,2024-02-2 13:34:35,2024-02-2 13:34:35,8:2:5,PCAQHK2HBR,ZW5GQB6LKCVYIEX5SPFPOKE92M44EJP55HVLNGS7UYYMC33PZ5JBSRJ9SU7NB0GXOAGG97C8WFEQOEQ305YVR8E0HTY7SES4TURK23KTZ3X6TRPSDBHEBFS9NY2XV4C8OB95BCQTYVVE8ZKFDG6OEIMOKX499EB54RRONEH1GXQ8KN2UZ5EIQTLQ9WODKY90246POF9UR4E06N8N90WSC1XLXO0LC,'b''Z38S24''','b''3H''','b''OXXSRCVO2PU4KCEEBE5JBVUF3MRU4BDCH9U4CLCHND9IJ5BGH1MDCWB3OU5MJFHXWI07SI1OJ5H2SMS0SWS9QN4USOG03NQ7DJUWESLT41I4OJ8ZTYMI8CX2F''',FI82S4RUNRFKIACO,6A1Z5T7M0VGEY0AGAMDS2LCKWA177HTOMJG6NJ3AGBP5953PZI8EF3VTHEZYWT4KKIEEOI2D1FZKFYJ28L6EPO1MPTVIR4FV7Q3SRW253BF68GTGHMRU7F2D70CDA9DAIODBR0JIJ,ZSCBCFPGI2QK0GA9FQZHAZ9T5D8W81IABJUKP37WX2EB50MQGW6OM0QVY002DW1ZWX1JSJ7UV51ATHU5DQK5XXPWV2H6P4AELSPNJH2EZ4TY4RXSTS3O5RY4AW1LGZ19FIWVBX9GESGUPV6VX4M814Q3DJRHN0J3A3OI487B,{"key": "value"}
49,10,39725,696.22,284.1,734.99,1,2024-02-14,2024-02-8 12:33:18,2024-02-8 12:33:18,20:20:59,2YM7X6HV89,PE9KVTOH9TFJF7ZNX0TB6P0MJOO0NJPGWPK52SPV5DO91JJBC52RMR,'b''9KQKYQ''','b''L''','b''SUWGUQX9RQBCJ5JXFLVV2H63H2GT9AEYUOMXYFI8LTGEFLOP8UVN1TLZ2QYQRUE8NJL9CPBRYKU95NX7VNCNFAAW1ADNNAEIOPWCF7NUSAYGVOVR5UBH7EO1R1CPVRWKNSV2NIQHV06R3RB8Y0FITWMUMLPIFOODIV258C2DRXOZ9HAYCZN''',GAE1Y2BPT040J3JIY8RML2LD6Z5RUVAEP94RHNSQTP8T30JB8W64J6B09EF3XRBHWDFG7SDQME14VD2QFOUK55X6GCFQUECVEXQ888V94GQ9KXB87UMFL,JY5UARDUFUKM9JTZO10VLAWJL0NDCRYJGCKMXST7HIUTBDW4MZQG9ARF4X1NZ90WFPNCIKFYVOYXKQFOZ21RS,PXOI66J4OIN2XE0KNAFF0Q6Y5LY6BU1ZY9FOE0YAN3D,{"key": "value"}
50,30,272379,892.28,747.86,544.57,0,2024-02-26,2024-02-9 20:25:21,2024-02-9 20:25:21,19:33:43,W6VZKJV5YC,HXQ,'b''DF1UQK''','b''9W''','b''SIKPR3SZK7XSUCS0V2DBDMMIW094V9I1P34GOKJ2PDZFAS6NQZCE9QWTQ9VSQHQRX9VKO1NC972WL7COQZHA85TFW0KCJBVUBDV66EKDAP22KG6Y3752ORG8AVJCT02YJY7U5WBTX1S8UNAD9UYPWO7M5FCEOIT79MJVCOBCVPGX1W84PGYIJ7OFHAIT1HCIWYEVJW9G070LZKO38MXQ''',7BJYD69UJ7I0RKIVYW6JC0ZO23KCVZUJUVAC5I3CWJKOXJ18Q06TUY0Q10169W,JR5IT2S4PEZJYEZSXFDOEH7SO0JE442VU25X59AYQEU34YDSXAHSI4E70K5HQG5A4ERZTV10RWC6TC7U5J1AF844MYU6NAMNL5AGMF6TWWL06YCET6IFB2OV27X7JI,AAIF5TCYFTB4NGS83APQZYCAJ1RT0Y7RI5MN61CD8UWRL720ITEHZ3X7ZM0,{"key": "value"}
51,5,757666,37.85,123.16,126.54,0,2024-02-4,2024-02-23 2:36:25,2024-02-23 2:36:25,17:43:40,B13VASHX7S,8WEIAA9UN8GM3H1ZGA3MLPC0POLV88A9JCQOGINUEFPWADJUG7OLPIWA6MJIYQC56WWRY6FZBGXJPTDVSJEV6UBB37KMOUEVEKUG2RJKDEG60ARGBWLHXETGM00WRHF7Y9E42885O74YYJX7V7WU71IKR4HYQKGH0KGM7734MOSEK120P5LBHQ,'b''BT2U9H''','b''D7YUM4''','b''C6UB4B0IRBJS0IJMZ9CV5YX6W8ULQN1Y4L01JZM35EP9I0FDBT5I41Z03FGMQUN5TBK3TPKQYICUTQ95R7ZDMBEF4OIR8CIZ4H40E06SD3UY36E3B46Q0XH7MQQ2O775VNGGS72E0M91YRGZBGRTKJRB6FIOT85MKIJLAHZ7GFK1NFCA''',U7R8H7X4PVX6VYUOG15OH4QNZB5DGQLPNUZD1NL86630HGB6TJT0L437I2B6XJQ1DXA1YV5QOX93AGP8PZUZ0MWBFXWKZPZFKBV062ZM0FN1K3Z7LH1CTWFTJDGMXGNY1C4OU5CTJ19HLSUCUABUYJHY3OJOM6J1NFE652Y4Y18XFSD49T6T,64LWWMQ66X0KZWOWF4S33EBYE6GOIO0MVHS4HDJPENU8TZ0OI7L708C0E3UBUI9M9VXOECAIHNCAKH5Z22D34,8MCJM3KCH7AZTUSNQDU5QBOWR366G9BH3O0YI78QI67S0RX6TZ3Q97LSBG5TLOZM1O3ZQ15FQI4JPFD8,{"key": "value"}
52,95,696843,328.98,984.27,858.67,1,2024-02-1,2024-02-6 7:52:35,2024-02-6 7:52:35,23:27:37,731G2RIL4I,PQB89P4IUEBR2RR1NNURME1K345JS99OAGK2QPMAINEM3IGOXJLXB,'b''I46Z8S''','b''3R''','b''YKSPQZPE73FGGQA666BZFNMDDLQOF5SR2DZ38MLWW7HMXSAQ7DTBQD033VYJ9CO3NY9WSB5I123KY63EJ69VQBT7GO33AGIXHGEH5QC9GQYN5FE9ERPP7NNBSMP9OCIQYE6I0KMD2IJ25VIF9YT5DVQDG6AL5PD81GGSBAY5YG''',9HVOW2U7PCHS5AV4HXSLW5CON0OK0JT16C5E30E7MO904JMUEJZ1FSHDMAZIIY9M25NW24R8MFYWGB45GWJZHCEEHTQI3ND5X3608IFEIIA2LDN75EUMPABEJM1UIVQDDO6LRC5UE6HNH011J9RFRV5AVG8QNME1R7IGJCW2YY3609VOSNWYJM4JWK7ZR9RIB6J4AN4A97G0OOM44C9I5UTBKELPCJCIWELMNS7W51XVW6DBES2,7YP8TF7PQ9LB32USYSHHU6LDT7KDXOY3GMGF,B9W311IN6CWRO0M3BC007ZOF0D2P6O59CE89TZ26BCBK8JU3WUB89RPDLUDIVPLWBBQNGL6DPJX252LBAR1RDDZQFD7OQLIZFMTUTX7TG5PK2KRGGJ0GBG8Q7WX66NWO5GAVRKNRFU9ZQHQ82G67QDBS4EYSD98FH3O2TK7ZAWNVBQ6UJP9K2UDVCJESADFB6WQ,{"key": "value"}
53,9,497994,998.76,180.42,549.12,0,2024-02-20,2024-02-24 14:34:1,2024-02-24 14:34:1,10:22:4,1RPI3JLZVD,HJH0BA5G5C61S5FD7OQK29O39MSNJ6Z6NCJENQR6QXV5VPYD,'b''9TFKAM''','b''1D21RF8''','b''FVEK2LZ3VVEYHZ88H2YQ8Z6P7A0NC6PAI8HNAUO6UXWOJZEZPURHKC42N0YANDP98BXZTL1GWDL29QJV7PLY5AOAWBZT46G11PV1D2VQTE5BX9O19SDXJILNVYV3J70KTW03MU4IPTKU3BL70EAJOUOZ9LY3P377Y98HG9KLO3U7GXO1DBCMJYDC925NSX9S33EPVFXDGF1EM6ZBMKY''',T5H2DUW5RWQND86CWYID95K4C5Q9HHLP8JUCUDDNKAD5P1HNYO7ZDM8LM5Y52IMKSQUTFXNCVGIJ3CA,UOCW4RD6UXIIWTIJREJ6GS1Y8D6QJM57WX2VET7FIU1CG1QY8QEV4ADXDX5179D76SBPJ4O3BLNESP1WP6K,TD6DG3LS0A26AFE3IYYIIXHR57EZUBPU0QPM2Q4Q2PMOLP5S70WMVUE5VAPJKGO3LJX22U2ORWA7Z5Z85E5IMX5TFOJ2BAPEUGWNMAM5K30XIZRF85D0202R1G61WGF102,{"key": "value"}
54,39,356460,586.21,979.66,969.57,0,2024-02-6,2024-02-23 21:0:48,2024-02-23 21:0:48,5:11:34,5OHU6DY6T0,VS5BVS6FH8TWCLPFANGQY5WXDGBBTWVM2QBI6LB,'b''HXO3QX''','b''QX''','b''BBR4D9A8DRGWET2BAPB2KEB48IDUHEWBBFSVKAYTJRLO9UTIBW03TIFNU3Q7ZRAWVTFCH1P82L6GT882ZJM5C9IXZOFP''',95EHN7O6GXZE5LOXW2H087AU069JBEKK8JEHW7NYVFQTHGF927QIDGJGZDE8NGU4GTO5TQDQU48X3626PXJTT7K321H2PU6BUM922UP07T32W8RD8WAW5BJLW594A3EWK818N4JP6AHPG7VT,CK7TP3AS8DBL8UVQKZNKI66HOPSXSF3JQNLSP9WHZPHS44A542D1T7QA62LWO9DVAU534NFXLCJGWJL745LL,DZZKJTBUVNN8CA95ADD6E0QVG1MYCZ4X6CG06AZ9TSF73JJ0WKI149VS23OQMPMMGEKCVLMKJHQ7ZPNPMMIBWRAH2P5FA0ZDNHGPWF1U2K46188OOU5CNO2FLBYCE3F5MFOZB,{"key": "value"}
55,96,428797,371.86,936.0,44.51,0,2024-02-24,2024-02-21 10:7:1,2024-02-21 10:7:1,19:8:4,VB4GS8GCGF,84W33UCUYNMAY2E6JOD6Y6CJRDFWRVHC63JC9CCPA4SLM1GCC13XLS04QE4I364WHZ3E6121VMRBI0RVN0KS8PA2XNZMVQZQTH08MTBGFHRPF9VFXPLAV0P2CD56B0OWCT862385K46TCZ6BXXNQ9FS3PVJLBDKLDVRMX2YW1KIDXXYK5WRFSKRCBQDBIXG6V1OGPDXT4HUPOQD7GES,'b''T1QGG0''','b''46PFOJXER''','b''TW7MX8NVFZOY0SSX5ZM1T0MCUV73AP8RKH1Q3XWA15BUT1SRSR0A0786Y1HR0WTYP03LM29X0BEZ6VWRSD9WVMRFXTAAGIXH60K27QZZGGO7W''',729PDTOS9UQ01JB7U8G9M0NCLJL06DCI9WVV2T64N1O982G0A36LJDNDY8Q26NTH9F51NUQ50FRW0AS5XQI667OW7IUFXGCCSNKLLTQ7AJARSQOF2K0RX3M2TMP28T4F662O5TEKOH2DZJX4ER8LU3VCZ0ORGTU1HQCQK0050JVCR8NJEI4F7FZHFUPX,IWUE7JHSUVLONKV4S87JJL5I54FLDDH3TFBZPQAEI1K4I876T6365XOA7LPNG1OE5HLL7HV7CUSID3VZKH1QN1OCOLU0OCOZL73FXCNTD06Q7QJA157M7ARS2KQPQKTJE0Z7OEEB29NUQTC141OHEYGL1GD77GRQLG1EUU9W0SK3G,G5VVEO59ZW8D8SRJNZAPN0EKOZU1OZFLJAVNGPU61K7L3YT04U7BSW4QRGHHD0A4EXF253E4EB66EPVYPBB3QXF770L75U6HHA0L6BR6355J114NU5PQH,{"key": "value"}
56,9,881482,920.16,285.29,397.84,0,2024-02-25,2024-02-16 12:57:16,2024-02-16 12:57:16,4:24:15,H93VT7YWB9,YALPTE76N1MTKWW4UA438E4V19JFNBTRCXWN2XNVEDHCWVWLBBWJDJPDDCSFZN62AUJ7SGCV5SLZB1VUPUXGKY4NMRQBXRO9G1BRH0MGCBJXXSZJ6UOHSFQRWIYKU6VI8SOCF8BKC7S45N7PGDI989ENC5R4G91QXYU0O724B4JFWO59I0KUKYIZLWHUZE99UCAYRXGFMMYNX67G5AE0C,'b''J0U1LO''','b''VTMOHA''','b''VINEC88OOC9PG8HF5RMTROWMRVMBD2HWSDO7SVFS6MDW3GF0OY4XHTMZNUVZQ5QUSI1N22D2M2JRLCF4HD8N45PVWVY7FOJJH9NJCP1MJLR3X49CAENEV9TOSV6SQYN5JLETTEF3QDKMFD2BFC8FYNEHJLACJWS2CNTGIPEDP22ZXXG9GUBU22UDELWURP8ZDGEBEM70M9NV878ZW49S9VNGNBVB7S8J45QP3R1JHG7S7G2''',4MKM6VADX3OG2HVF3FM3SPYN3X0NQGYI5C222K6K3N5GQA43L0V0MUJWXMH3EZZ184JW5AHMBTYUFTERKHFKNZWGS30NFTX4THXI4FDI0JDABZY5KEFUFZUMCO4L,Z63EVO9TL9Q1G3YXSL7H46JN5F6MU86RD53NMLTNDP6J4LJOVCZHQQYTK8NITQSUEV7ACT44HY6AUVKIZ,HQU3KOOHFZEDBIYG20PIWJ13PTG0AWAF8G0FG0X3AKABJSYFBE68JJOZ2CJ93C5EHH1LFR0FJLABP,{"key": "value"}
57,25,647164,287.44,768.19,636.99,1,2024-02-26,2024-02-28 8:20:26,2024-02-28 8:20:26,15:10:23,VYUV1NNQYM,1,'b''ZVBGXT''','b''0''','b''PUWIOY482B2VIHBB9MOHDWW37PDPUPQ87NDSRPLH1RLCXVXZIO1WCWR6PIZH31MLJNHB95LLRWTES1KZ9HIKD6MMNFT1J9SJABU5NGWTBDDM2467YOST3Y8LB7D0DNKSWAI7ZXJUJA3QFI32GOOD''',ST8KOAONY7E77ALYCYDG9FVLTHWIJ532E6RA1A367X252S32T1LO5TK00TGOFE3SKLLHR4VFD0LWSU3Z10PCPTW152ZXYTGCCFYM17KV8IJI3Q0L8XLMEIRFOH7J29QLPXK6NU1GCI2JLD6RXNSBT7E6I6SIBTTZD02PJSRZQ45FEXRU7HKHIC0KDC1,R143Q1M3LJTSH80MG7D7VSZOS2U4I248K0,0LS4HXKNYKL3WC7IH9Q4T3JWB72JMKR5K9R1GVK117HNYORAE7F6MIF9HRJ9UQG7W0J1B4IJKCKUJTC6HHUCMVD3WJARVA1G1AWCYR,{"key": "value"}
58,77,509777,6.74,904.94,666.87,1,2024-02-21,2024-02-10 21:21:51,2024-02-10 21:21:51,21:29:31,80N90M4Z0L,FGLZ3AOUZJXWEOJD659K5HVVS6BOH0IT29FQYMXNAEUELX,'b''MWQQZ8''','b''K4DKJ''','b''WH8L8HS6XYUAJPSHXLFK8YN165GADV2QI''',UORK9BLY3EOOXURGO5LB5RMCIA994LPOZNKM7EC67TAHQG2PEQK18QDKFHY45U3CMEHHKJOQERD0Z419XANIF3TJD4V92CN6WVK77IR4YA4JO5WB5R9GJYNQASB5DA2TNJOTORSPPGGRVBPR9ISCMI1WO49DWMG1VY5D,Q7Y8W8X2C6P37QJD2KHU9RVGZJZ7FS3J14RZ130RR1RAW8MRL80CPZI61NKB9BXSQU3PT080OYAAJH5W65AVM42YNZK5B3H5HVP3LR4CMUHA9QJ2NNT4NEEXLOYL2A2Y3S6PWZXTO3SAUOCYWYXFHJVQMI,C4DVMYQCZOU,{"key": "value"}
59,95,557752,943.64,336.05,396.24,0,2024-02-21,2024-02-13 20:42:50,2024-02-13 20:42:50,7:48:3,IR2KHME9LH,97Z5O4N,'b''ZXIDZG''','b''R''','b''XF3FSIEH4LYEE3SJ4N7BFD1OVNHJU2XUM02YWOK9PZDX4C16L1UVLKARLUFAPHY7YK8SHQ3XZX2DKJ77AAT8RYGGENEUE79128RN64HN79LB30Y3MRR94KM5NNXBK405F9OPFY00X4DIIX9FFYBSFC79OHSHR0UCJEVKB9F360BZW49EI7FI''',DBUBQ7ZAGVI5C71ZI4FLV3CHD1RPFDFJBHXIGI0DQYTXOE54AG4PGAOGPRD6XHVCTVJPFK6D9E21N9KFNS930QYGCZLG2K32J0QMRH0OSW8X2MOB0DCNR095VIB839ZXH50G47P7NSLYLCRH4WIWWEEU2F0HGC9442ZGC25M5BP8TLJSI1EVKOPRJNJ,VPXNG071MJ23UCR44NJQK3OT29GCIHSO831PUXLJZ3SC8U6RF9EW67VYIMAL8KHZI4PG61550K2349UJTVTXSSC4EMGWYOY1,AHS8OLTVQ21SY2BKEYWG542VI14OJEGHBHXEN26NDRX2DISSDA3Y77Z3MHTD4H9IVRCTXJ44U8,{"key": "value"}
60,87,198491,138.45,136.79,663.24,1,2024-02-5,2024-02-16 17:11:19,2024-02-16 17:11:19,19:6:13,UQY6LJ37R4,SJ94BLY0Z8NJ8TC7XGG5IWS0VQRTC1DEER6FQ9FWQDFR7CEW1NJXHVJT18DJS6FKC63OJ4QHXF119SU8QPNDP5XQQPWY79KBBO9T8M07R5Z8GBBOSZXXJLX453XQT7ZGWAD9OISIQ2F13L0WPQFY2U3QAHNXJW0IXC6CRA11O1KHVWS8A6LKYM9I0HU2,'b''BM6S60''','b''QT16G''','b''FL1B16N8FYZSSNJJPL1E34YY79OZ0JSF2XKR03EDB6VN2WM5TW77O0TNLWG1G''',K50F0I3Z9NMI8AULB5GWNLE9W0OD2J8VE4UYDX1TI443ZHEUPO2ORWHAXSZ8WU0D7TNDJQFJJZI7EZJ35I8AB,YQE8P5PWUY98O9XYQWDC7GJT6HHWA88E7S718SH7RXC8NCNAC0RCKRX1XQ3AI4TGJNOUWOLVT2SPTIA9M02SMVWDP0RHC8KW6M51WAFE6SBTCOQESPT2LOVPW7Z1S6Y8K11O86UTXRF3ZSTGM0D69KK359HK,LZTSAZ2N8YCBZWB5D2TAPRGOSE8DAC7I95TRPARE2P2LHF76XI4DVJBXENGSWYLQB02E3NPE3WQWFPY3DZKFGSCWIFNUBEIZKDZZNT81UE3MLDGS2T5ZPAI59SEZEGHOZMJ3IZ0TP2SL1A0QLBOEN6196PQKQQNHA71MN1GZH4BUIQM3X1CVG0QLUJ78ACC7C5F1,{"key": "value"}
61,27,197903,919.47,917.21,869.76,0,2024-02-21,2024-02-22 11:21:33,2024-02-22 11:21:33,18:57:42,NTF7ENSJ37,7BGULTPA4G07KUKDKDSRQGBJQAEY5XQTTDL55KQZZER2PNDZDMKE0FG6WME8NT49YGD4IDOW2KL72W3RXSPL4KTO9P60W4JMJ1L2VR0RX3TQCIMXLIVW64E9XK4DEO9AKXOQP76ADESC5IN4I07SH9Q3KBACHYNT258L0NPS7A6XIG95ENFERQKXZDGB2KBZ2JJIXJZHH071LAL9COOMHATU9PM5454KCMZO816O97P3IWL,'b''JWY2BK''','b''NC''','b''5U8LM1CIHYIMPHFKVIXMJPOYHUHS02XVRC0''',U6MQLP4JDOULGLRDQ4D56WPX53DI3PCOFR4Z16OPSGRY3AO6VKIUILNZYWOV7D7RJK6E3W2DG0RHI2HXUDHDV447266RXDPY5XMX8R6,R9ITRKCRMRE6E5CFH727GC5TKI3TL6DF2TT6CNNK2FOBCKRGF1XNSEDOAD6Z3HV6HCN09VR0BLHLHDO4Q6ZHD,ZPB10V53ZZE6U3Z963U3YMUEDEC9ZD1K4U9KY608RC7R2DVHU71RRSDH96NG379A4U0CD3M9AZCQQ5SLGKB52NB1HM5LR5WQOX585CB7DX36JNXD19P85,{"key": "value"}
62,63,235670,981.34,389.75,709.7,1,2024-02-23,2024-02-5 10:9:2,2024-02-5 10:9:2,2:5:51,V350BJKLOQ,QDCIKB7CNG06OY1KGKQS0QUGOKF776H8OQ15D8B6P9DKZ1H743NMLRIP02JDP039E6MAK5FB71MA5AVZH7I5CME5BWB5Z6HA28YM6OH87T1UCJ77CXXY33GNESTOGRSPI87OTQOEQ5IEJQUR1Y2HC1WEP8TEOIIN8K4QR9T3SS7FYGFE0D9L91YLD5OIRNHQ26YX5LLYB6P7FNB7Y6KT52XWTW6PK5,'b''XKACLQ''','b''L4LTZ''','b''UOY''',IFM3ZDQC62E0HIPC0ZNCYURBLKXGXUM9MWDFY9CRBXTP58KQOCK10W39D572CWOJBR6JOJPYU1PBDQCH6TTEHS9RU8ML7UQXTCRNFHCGSEEC5IMWREQ1LNGPQIDGHLWCG0UND0ZOHSXM0TY3OW9AYUD2L7I4TLRBQN09OZIQ7SOZ7CI3CUAGM2OBQHHU8VRQQS2BVNZLR1X0QB35LXTS,59BN7FQCRT8RALNKA6ZUVU4UFM2K1HSUBZ8ZP3T3BBKUURGMXL7SLUSM5OMH,4KCL52AFARLPJIQE042DLSYG1QQ6ILQ9IS4WXBHIFXZNN54A49QFC4VQJ19443FVDFIYXM6MFXGXJQ3ZADQXKE3ALY4EOU190N4ORAKSQONEWTIBYZ3J985AQR95YBAWAD6VEYAX0X0VTFVHKPFFN3B0D4W9TRXRE0YIDYGX1UFJEXFWPJ8AAPFLS0A1DOVZ8T5LCDT2QNJ6POR1W9JQD91K5H97AZYO210ZUDJ1P6R5DS1DPW,{"key": "value"}
63,24,8203,994.96,368.89,141.52,1,2024-02-12,2024-02-24 16:15:16,2024-02-24 16:15:16,6:18:56,8KEOWO40NC,69IC7VQDEROXUOIGNAJ1CG0D2UXODFU28OYXICDUCMNMEDX34I5A73TTGC4D98ZUHVG2A7DG8G61GO7KB9PUD3TY72Q6C2B40Q725PV0,'b''Z6TCSJ''','b''GAGJUI''','b''ENQ0ME2LHMPI7QJF1OHY6YYH5D2D9GCCIVK7632811P19V0MD4D7JVAKGPXMIW00H1QW4XMRCIIO56I9PZKMNSMWM0NCR7P3BZG56KQ4ZVKVX9NI1JZGNFJC6AE22LGGS6GRAVBOPYIAQJX''',SBWIL,1DSQNK0AWUT43ICQBQ8BTY5F9RVJOE4E5F01YN89KFYGCCRLJCM11T3BF1PVYUXZ1Y8RO6CFJJQIE2FR62991FKGFSXG5P4PUUVCRU3T9DEYGXR4PSHL3YAS4P9TQMJIHFFPLGEC6HXOM3ES61C1Q5ZZWTXVWY60D7ESBKSUY77NG8JX9AN8,GT3M5UPWXS6X65GVX6U764KPPVO5UVGBOKNWMPYQTPGQYEZ37YCU4BLAGMNM71WPW70MIBDYGMGZRLDX3SVEEVTHCIR0UVB3FKMP0PAP50RPQ03HDRTZ9SSAYJHGAKGMAEMBPCZIOC7WXB29JYEU80L0AP5Q8O5AOAXYS5ECW1OJE57MPSZRC8D0DIC1UCM37LT32O5EL949YRZJT4KTTWE78J9ZG9X42KY1XSOX0G8K0V,{"key": "value"}
64,8,298250,159.08,52.78,680.4,0,2024-02-12,2024-02-3 15:2:44,2024-02-3 15:2:44,16:24:49,68XDGN1N7D,W8BYQR87TNH164NLV6Y9M4X3BEWEC3RBWAKJHI39HL0C9G35TLCU0PNXHSUUPTTSJ3C1FWTIQB12R0KPV9HSUMVZ5JPR79UP,'b''6TPO1P''','b''L''','b''UC0YTW0VSYN6TONE2BJDX9VK5LQKKQG59ZDYREHJLAXKY7MDI3Q6MF5PAQQ37NIAOU2Y93JB60BZE1J2SHLPVLGHJHYZ24K7QWB06F5RQ6DRKIP72ZGJLWCV70VP16V40XU785RZMPLO4KYWI4EQDWELTZ82X39FNY9FKTDSO263XN3D7TRSV02QOK478NMES8X89MBT7E4R68M94D''',IMIBSW4VWA5DIPBLBHYURJ9H8MNMW5S9NHKISJ7BR7DIL6ESUVSBNBQUS1C3W4KJG3C6N0TDYA0FG95XC2IUDUZU2X5ER3Y05JIPFA6KXQTOHO1QDS9IPA71J2S73A8E24MPTJ8ZZ0V7MNPCZTCY34JFW09F6OW4WCU73JG2LC9RIC7ZYOIDGEO,B6Q5H2OOS2DGGTS7OFQW6P284I1P01LWP97FSYKNDCN8T5OGT9KLV,8F60TIBFOU2J03Y15LEIQKS5L7JB6X1SOWQK2LESRI9FEH41BR3H5IZU0Z1SD5EI0IJXV1E4NM8FEWM3930130R9LTBAVCDBKUYAD93VA1IAVJIV6IASWMEO53LM91WN29UPUHWYEKKSCK1BAM8UNHY4TMA92JR20GHC7BYD1O1TKWIPAT8LWXMWFX43B4LKMEOFZ6BI,{"key": "value"}
65,33,144375,525.94,698.54,12.87,1,2024-02-27,2024-02-18 18:34:10,2024-02-18 18:34:10,5:29:34,LQFO1XGNYX,YUAF745WTW154DDWKNLP2NJ5VQHXMF0AQWPGYPOR3XX5TV179ZXS08SUZCTGGXN0XWAPHJLCMCMOR298NS0DZAX67YH3PMK6NDAIV47W34DAFT11CJDLKS2UA06N6OMOK5LKC4U6JBC5I1231V,'b''9VMY06''','b''NQ0''','b''OPB6JVSXFOCCABRMS7491125SKNT3D6Y2DRF34Q5C8WO40R79QA5Y0D0BYPP7XK5ODU5AJ8TUH38MVR2NPWUM3175Z3MKVFTCLRU61C9JIR6KV482XJQ336HG2W9GB7F0H3W633WIBVVP2PTDINGC8WLX68''',EC4ZQW91BVI8YLRDFXE99XWH1K930I7WEN09H8KNJSGC9UVG29ARUV9OGB4JKJOONX4SJDNH4TJGBZHJQUEZ0K6EKTI56PISYN6VLSDGHES485OWXJSN1U5JXR4KRBZ10IIHQXVBC6L3C4N3UICQJOY0,IMN2AA5ZHM1J6JUJNAUPHRECNOUUY7QFOGLPKM72AXEGM5DIU,1M35UOSV6C8ORD4GO7OX3CRQOU1HQ819SSV0XZPZH9R7DHS3JWWFYK5U2X0Y31YAGYRZFJP0G19XVVJMWNIYCXXIDZYX0981NTITQ6WGDJA1KMS9HFERMPQRJJ1SDTGX8QBSNUURA2ET,{"key": "value"}
66,79,892394,91.98,669.37,379.96,0,2024-02-18,2024-02-4 1:52:13,2024-02-4 1:52:13,7:58:20,6YF7OYIPP4,WOFIVLCAEJJRG5QI9Q1H2NYWL09KUBHPYL6XUKL7KH920VT8G93E9Y9D4FOFQQXCUY,'b''T81OL0''','b''TU9V67AY6''','b''OACCZDLRP8DN3IFMJSO0LZZJLX4QHCL661YF8OZDGQJ47Q939PIZ2XZWIP7MB7OYPQRS1MAHKGYJKVS7ZL''',7AVZY6JJX993R4OZ71N37XDW1Z3V10ERQJPZF3W7DGUNMM8DX73MSWBXV50FLDWBUSR9A78ZYT,Y4AFXT6HOXQT51LQ3LK2HSMD1CX1P9OFK178NP2JNU217CT8VMW3OJLC2BRW1AX58MO0XN2LHLETH3MJ9OLSA,PEEWMW7MIGGPM621VXR99D5Z5S2X7YL7X4SJ96YPWS892XHYHLS05LRT5FCVFJQQGN0GMHPX5Z8PNF103J82PGAQ1EN88H7MS8QZ4249ZDMTNSQD1IBD4ITYT8MCE2K6TL55UB5RLQKM76,{"key": "value"}
67,5,33511,570.81,290.26,528.54,1,2024-02-13,2024-02-25 19:53:41,2024-02-25 19:53:41,0:41:38,LML0A4SZFL,19MVQJ39GKN3YBD97DRTN0S0DLNYB8301LD7AKSSE0L8PGJTXTEU62VKOW1KKLS1MF5G7Z8S2EVI5M8AP75OPUQRXQD0WCKXUG6AL6XJ,'b''0I6Z2J''','b''FG''','b''FSQ6YIY2R61Z2PBRR4R9941FY9I74711MZ882B''',KRGLXRL8CKBWTF1RPOQ3BQ0GEJIEOO2H5J4435H8OR5T6GUE09W9VOOUV,24L3KUZV7T8DOE0ATL3E1I65R55M86YTQXRQL8AYPHEGFJ0PWD3IPMA49LO20TL2LJ31QANHTYYG0SPB7IXTD83SXMNQ,UKW5JBIP99IZWXEGS8V9ZPQX8UEYCH22WLG49DMWKTWX52RNEMKB9EOJTXOLQOE7Y2Z5IY1XUWR36XY7IH1FPIJKOH7E55Q9SYJ9IID06QRF4OB9R7MWB,{"key": "value"}
68,91,505668,362.38,549.98,810.06,1,2024-02-14,2024-02-20 8:46:16,2024-02-20 8:46:16,5:21:47,8RYRQBBITV,BWR9A40TTEA49IEPP7R1C5ADDJ4E7P0EIIZBYOU14EQJW9X84NSQHXUPNFEM9OJX9YW4G7YZUOFR44ATTL8FVU16UB8BPIE1WYZCTIG,'b''HF6N7J''','b''W''','b''IFHZGUL1YWHOG25ZGU51HFGWKUNQ4VOO9UQ165ERB2YBV5LB99OCJ85EFM2B13XW3GFS9KDEC6GWYZ17011PZA39N9BAXBI1FEBWX51UAN7OGMTFG9F6D5ADOIE1VRIHRO1NAJ8HYSR00VTAMMGJVVJFF5X1D0QU0VUQ8TXD4ZWTED3CWSRGFC27QFKS6NPKYSWWG8W72M01NQQ931JT001HAKOSQYH7NWB''',ERGNKYK6KNV9DICC2ECRMDBEFGBUQNCWC95DKNXA6Z8ZCQX7N8NMLQ5YTX2X68AB20K0MG7CV4OGCHEM1LHQSG9NHQJL7F0S2NAWCG1S9FP5GLCTR2A934ZU7W59DEVM9GD54HTNCLR8SNA79ZUJ9LR09HHM4P5FVTV01NVAVG8BWCQG6W5,WXF7GUND85K2XR1XTNWD3ERBCKCX685KPTXATNGBU7WZBMF28XG6N23EXGZLFHFK3T3P,T8K0BFWVHY8KRKARFSSZMU05CAM2QJNRY8TK9XNIB689QQ1G0NF5NBWUFR2GKF936PWV3EB2NFBXKH6PRHGL6YDF620T6L6DEFQRITK8QSGSACS0VBTQQVSGSGZQVXOX7T5ZIZHM7B,{"key": "value"}
69,68,744242,405.73,47.1,599.05,1,2024-02-4,2024-02-23 16:24:49,2024-02-23 16:24:49,14:0:32,T3PHTNCFID,S3WL86IVSRDWUBBOELYD9JH2RDM1A2BWAQH1M4Y12X,'b''M0O5WD''','b''QX''','b''59I8LU5IU9DFRDY3VGRENZWBG2OANF45IO5MQ50ISS7TO3MUEW2JEEW93D9A6L4PKPROLGFV8YPW5KRYPPNMCJYF6M6M95NK6GL51LCRU9NBQURIFRORO4468LAUIYU71AYGGR3YPQ43KV1JATZ34GIYFLE7I54J8SLE9IBJ55CPAED9NZZ65QZO847TIUQBI5C28H8FHYIXMWOA2UX5FBHFDLYBCJX9JMAXK96QC8A1I45FZN2VYU6RXI27F''',DDEIFJA47ERP5YPEAD3Z6QI4A710Q0S29LE101VWDH0IL19GM934WQ8L9254DSFE1BBCY6LWY8VONOVB7AXHAXFIYIRPZ60IS9WXC1S9YJZ74KM4EUODH6ADPXSP8HGCNTNSVF8HS4R5STINJWWQ97HYYQSTR4IB49RV8O0UGX8TNTFOJ1PAZ7G8H34HK7FMI,6X9PCSO7E7GPNH9D2UZE990D67OOU7YSQHKBH9VEQ856INNKD1RSZ0YLTHWZDAEIQW1SHPR5XCNDCNDVXNZOZYV6TZ7G9GIIE7EAR221AP7Y6D86SYCGO54HZVE5J3THLKLJJG637Q6I6AOOGVO0M,OYIP83EUNOJEBJ1YL6F5Y5ZJX9LXP60NJ1IN7EGSWW57FF9KPNL4723ROMKCNIQZDF8FPM1LEZBOGJFD8FJ6XKDY27WLGSH85DQRIDZV7MQGST8TEQR11L2ZARV12PUUXA59C5PFD0BNDA6PJ7G6LIX4R6GIDQIY2XMUYB6A0BU6JBGV8965IGMSPM59XB2CI6PB12L12FB7NRXMD0SBDF57P5JFJ6JNLF8,{"key": "value"}
70,78,639264,265.34,656.31,897.11,0,2024-02-15,2024-02-11 13:9:51,2024-02-11 13:9:51,1:41:44,F0P9ZP59JS,YX4IU7FJUK4OSYC4M4TRNUZ98JSFH2VOD8PQA0ZYPJ45SCALLOG2SNKLOPX7KC8PC7K2TVZIUVH5L9IJSYBQ9L2KIGH8W6O8WW5FAA8ICSXRIKIDF4ILIW86PN0FASZFEHR46KTPF5M8KYDTQFH8G8PB7R5HF58KYCS7F51JVF3HZHM3ES3Q9O8SPCM82NHSUS,'b''XO27MD''','b''HU7A0MGRVU''','b''T9KNTROFXFMTYV5U4A39YG6QFV3XHU3GWB21YEIJ28LBYMO3129FZU69SZZJ4829X5HKMCYYZAX6Q1KXSABUO0WOPJS0U8K5L0TWSWVNFM5UK5EJBD3QBPM5X7YWFC044VKRCATF34UMV5BR5H871G1KJEK6GS1X8KDDGBVOFBB9BS31V6U3QCUIGZY9H8TOE91X7HHP6FXILDAZKK2496GAS4DVA4X89IE3W5O1OS30NOHTEYNSOTINM4HT''',FN960FNLZI39KJO2PODDYBPNIZUXZSQQQ5OQ1YQGY16DU1VK2RMXIXA88IXYXVOJU0NF9R6XDTK39R9CQZFM6H6SV4JNMUR6HBR4B2YF8RHK3TX71F3H9NFKGN03RKGACJK4Z187Y69Z5S7CUEBF3PGUQX9GR6JD39XUUZ926RN2LH4QV037832L18CGE9BMW6WYSRZZPLN2F4RY9LJUBQJH4E7H63FM413TEMCQ32HH7TM6ST0,6PZPYNBNH1RYXX7J887QY3WHHD6OZG1FL59MARZ0RJELWMIF18BAYBMRZMU9FA5HOAHXOR1CWBLU8XJM2CRFF3352Z5GURMKEEWYLG2MX7F2A23S0OG0CMZO9WEHLM1NKI8BUG8G6I9X1FRKRNA,9PMPA11VL4CX02POM2JBC2N6O4YCP83KIL32K4UF7KYFM6XTXBZLECRI7Q63N1VH7YE2OWRKMYNWIHAOFQ1N7969HNVPFDH1KVNIF43GC63UWZHUN53032EPKYVLKRFH4R67AFJQ0YG64RJCWQRUFTAHN85LELJGOAWVOSDIRD10,{"key": "value"}
71,61,603783,542.07,674.86,349.77,1,2024-02-6,2024-02-19 13:32:36,2024-02-19 13:32:36,1:46:8,T59LX8S8CM,VHP95TW6MH,'b''MO1431''','b''ZBB''','b''IQ4P7INJ7FOA8YTBLXS59NW8PH2HWJPFQ57GWADKIVDSIYER3ZW9OHK4YS36LHMQK8FCVMI90OXW255VX35CJ8J0V12I6E2YRG''',YP6E5KSBL11KVJSYO94RCD73JXLGAP2I7AZZOI71VR9FAELJYFWEVPFFN8DC4L6N4Y6CXTBFY5TD0KBRH8C77DHWUO8ZS,J3YOBPVVIDLI364TGNITOMX7BWIXFIBVCNODXR7R0EW5FY5TOQ8QGB5GVF2FKD4HJ9CUEYY3JW3Q3PKV86DJCZ8IW6NW3ZNEBUDZOSRDP4S31NAC6YRX2WQ35LU3NIQS4WKUMKQEBI2ZXJKIIMXWBAW749K3DONVXYLWXDINFE8LWD7S11D0SHFUJY9X87PJYMNKHBXT0KEXFUDEPGQN2ICGKD9GRA30V,2B4OB7UAPVUZCPU20Q5WKVLJ9PQ7E13MVXAKN6MOW4CKSZA7D6JIIEI6G4QVKYA9R6T6L44MH4E3J2YMTND5KT5M4X4VM59M3Z7YPWA4Q5WU434KMF2IWPDYT2WLB9P4XLWT2OQRUABXQEA7U6C77UG0V7DP7T2H89QDE5PA4ON5QTSEMMC9FT7RPXJKXYN16G4LIQFWFW6KGXT4NP8T56D9U0QMCW,{"key": "value"}
72,1,145071,47.47,377.79,839.83,0,2024-02-24,2024-02-6 2:13:24,2024-02-6 2:13:24,6:34:36,SX25RXJLQ4,PYWASBEEBX9TPK2CI3ZXKJNSJ5PF46GKW19DP,'b''JVF10Y''','b''9CG07YM''','b''GJJS6F5WFO13K6KGI0XQXLI198YEGUHASLP426YGDGT6L61Y6HO0FR53VWC46UEXUAU47JD3UQJ5FJADWYHRR614OFK435KS5B5EQ71I4SGW638I053SKBXL3DM1IX42FS6ST2BNKQEZTVAFVIWVXFWOQWGAB2OGEPFDMUKTNIY6DL77SZ850T''',1H337S2MEXXHHCRW9P3K,APLX35EEDCBIJEQCEJYAUGKFGPBVXYQQ35DHXRZ7W2OGYUSMP5CI3G7KQD5QUGNI0TW2CI87LX9X0KM39QC,7WTRM7SVARJJK5X40WUUEODXCH3EFWA1HIF9TA8UPHKI1AGEL,{"key": "value"}
73,19,315709,701.24,297.66,713.45,0,2024-02-1,2024-02-13 0:13:37,2024-02-13 0:13:37,5:44:32,6SOMHHV3S0,KNU15I8H5CZA6BAMSG7056K7DPISCVDUE28G16G1844L1PMMLAQLUIE05YPU5YPA0735YWL4VI3BSOF7Y7FM8BUL,'b''D3OFJW''','b''QIADVB0PT''','b''CVBPZ17B4UWBG837Y1ZLPU8OMIIXXYOHILAI7XPUK0QZ4MRYWAZWK05SYSYV842SHOZISAN9B3N7A0AZR5''',I12DCGILHKSO62ZH40V4BKYXEEYPPZ1NVV310WY6JRLUSOEVOEGK4HZEUHY99R1HWKWJIVM62F8I7LSDG0CBKM4PT71AG4ON0W4Q3ESU0GY8WXTKHDCE36N3G3B5HW5P2N7OHO1TEDVTDNH46QB97XQX8SHDGYI6F8JXSTXXV35EKY8VQAT2OSBAOEO74CXQFEWILIG13LCHEFJIN1KF20JKC2UCPOVBTT8Z5C,V3RX3ZQOBIELXXRLRQGU9TCDZBHZCE861LBT5LGK1R1I3BQ730M0EJQXW1IFQRN3E1ZLWGZE361QEDQAPLF3MRKEE17KA2QWA6VN90UFAW08LHTUXDUUFGJR4PA3HEW5J2QLZUM4VGSTE7V,AY78IN2ICGQQNOGMO8ZM6DC34UA74WYIOT2W8DPMDD1C0NVUN2XW03K077GRCSSA22PY60HCVUUJWUWU2FI0OUSPLNCM,{"key": "value"}
74,26,360779,647.12,953.76,242.91,0,2024-02-5,2024-02-1 22:25:52,2024-02-1 22:25:52,23:25:59,PKCSQJ4FXY,XF5H3424NSNXQD9I4931O58QJTN1DHSQBY3PV1LN8GCK69HAZUF6DYNO8HLTUAV176UVZZ2DRP9NGZHN8LOXH3RVLLXOE5HL31QQ1OFV44XDV8IMY925XQ62UHO0TNEESB8E9PGOYN14V79UG0UZUZ20S1HC6IJOK,'b''EKSEHF''','b''QK54C6''','b''I7P1EUQ35Y3JXVSU7BGGZF''',9MNL88EYOA08AZR2BXX973M2908YLY98T2XV6NSDRSMIQJCOP8416WO2NCEDQ8BRCGIK1S,18F2J5MNAQPI3B50BA2DD940YGAQF80PIEASP7YJQ87W42,EL8YRM1OASDMPU8HP5YM1GE4M7HFZSGW2ITDXPGPEUN8CFRO90ALX2A0JNWAHEE8YZW9P9M15J8N1J7Z5FZPQVCFY7M2OC1S6H7XTE4D49Z9VDE5W1QCAEK91XC8DYU7XDKRX16NFFALNFKCGBDH6RCVEGJ18RHDT7JVV8CY26XXPWPSMHP,{"key": "value"}
75,74,680249,365.99,45.04,22.54,0,2024-02-24,2024-02-13 10:57:41,2024-02-13 10:57:41,12:21:20,U4QOY67X9P,ELMK80OVRSN2BY51SGW6ELK,'b''DVMQ4D''','b''3GJ4141''','b''ZJ1R72GKFYI79YNI0F2XCU7UCBSSYIVYGKEAYWO27E''',OPYB19GZV6JADKJ7APO2SM3K7L4Z,SKBEZL66I7F36MCV6CI3IIDJPT3RI2NOJD25FJKFJREPRSZNJ1HLRAV8JOFB72GZMQSM2PHK1TWFUVSDWUYD2TDN99LO3DTASI9TBKZHF074SSOH0GLUAWENEB426EAD3Q982DVU20FJYX233GE4PBW65JM9JINSLP6DVGA8ZF5L5OG9U0U9WP4GRPGXLTGNSEEJHITYFWK42NPMOS,BLPL90C9GGEOI4MINRRR7QFDUPXE6RTQ4E1H6UGLKQRO0GP7P5E617USWLPFRWLO57XRMPFKBDFSQVDYJ8NDRBKJKYIIHNO0LWZCOUJSON8EGVFOIPXGI1RR2TFLNHCAZ4VQ6II5LMH0HZVLEKC0L6MG4CDEIE,{"key": "value"}
76,65,307826,789.26,128.42,897.51,1,2024-02-12,2024-02-5 10:15:32,2024-02-5 10:15:32,3:4:15,M3UD0G8T4H,SB14FH16EG10,'b''ATVIF9''','b''VRCM2J5''','b''97NHRZW37C4FH0QMQMMF01N4UURMRWKBYZZ0MRIZPEAVSNLEP55V6AANSU6RN8N04R2EATPLD0BDJXJ0EYRXANGA6VW3CDF2TB8Z0UIAYXNSC3JKF712NJLZEI''',ZJZSUJ02RT1TRGJI27G93LW0VRS5YD4JM2UKIGLBX3EJB0GYW0E9FBXACBQ9EVS8ZETXR5HDGH1TU3VOY87DNA,EQNB37N0R4GTHE5QJBIHDVMRNPFV90O7PYKUI3IROUZ59AD1,JRXP3FA78TZ9E4BBLDM4TFIQPKE10F0E3GBM9UL9P28AV2QFLTHO050SMYB17LXSN9NB85GA02VARL5Z7I5CAMLYQR86UQVNMVT9FQFQGGRRI4VD9PIYNU95MNFTEM7QOV4TK62GD6RFOYUQLAP0HOCISZ7OWVQZVFHXQBMLTTHE7,{"key": "value"}
77,4,76777,47.27,767.69,958.12,0,2024-02-6,2024-02-17 17:6:3,2024-02-17 17:6:3,16:4:6,7GPC3VTSQB,ZNV6YSNF3KWWH9N1HR3ISPTF55R4XB704JPHBPRI198UOYUG2OSNYBI0VLZGYS71L3WTN7AV85L170A4Q8WT9ZNGHYL5J1I4O9IK0BRHXKDLO3HV2H5S4ECQ3IEUDA6,'b''ZXBI96''','b''S''','b''MOAEGNMUOY1EWS20IB0LPXI8R''',YE2R42L5AZRTRBRH5WC4R1GEYJNWGJVNYKN51GMAK5M06M9EJYRKYQ1488G5JN24KGXFXR29AMPISJXJBZFPGPADKZKCEARVHYK6VYM6P9R6WXZA1Z8HJGG2I4LLNKRVB4122NBK33DUYHAK5EVHLCKGP73AK054S2NLQD9FFPOAWOJT8Q2OOEX2AOZZ1K177NIL31RHH6L8PNE7SGVCR949EIMA,S1BPXWM1ZLSQJWE6JWQ0IM6K2YL6O08RQ94CWFBC3EYG4SJNQ2BKZ8XU9HN89Z808VSLQQVF65JW1NZC5D7ZP465WGD0R6475VL8XXIDWUU518MDY9PYMLA7H,QCQHWUEIWBHL7J92LNTMZU762W83GY8,{"key": "value"}
78,63,924506,782.79,264.98,449.9,1,2024-02-5,2024-02-8 5:36:43,2024-02-8 5:36:43,1:54:50,KNRWO57F66,0ZP328FH2Y98H066N78KMHPN97QEXTN48S8JDU1LY7CMX1M8YHPH4II5AFOB0PKZ36RPY8DV85UOJZZYBAV41ELD3JXA9MFJF1W0F92O8BOUHNQXHNAMC8SS23A8HK48VG6UF9F9MYG5MU8THV819R,'b''DMNPRG''','b''WZ''','b''1NZ9UFVS7BFELVEWUB5Z7LHAL7WHLTLAT4ZFMPHBE2CZ7Q9HY3QNVALMI6802FIYHP9UKD3F2PKDCRXSLDS50EB0C6GGDDI''',WA0IZ4K43H5GFO0BN7L,KP44W8FJKQ2FITE5EZD7LWZ47CG32E2QAGP9GW9X3SFY,3GPTPJWCP3KO430W47LEH338758RCRQNPXUP65ETB8QALI80KMJBDR2UV5OIKE8K6BZQI2,{"key": "value"}
79,63,911142,464.51,113.32,345.82,0,2024-02-12,2024-02-28 14:39:2,2024-02-28 14:39:2,22:2:8,OBFG60CHBF,PYYD7P15OMTM3YCN41U91KL9Q7JSQ8R1QVGA7B2BTMDH4XQPYTL10,'b''28PWVO''','b''3H4R''','b''G124DDAHA7PJV9UWCXQ2D864BY9OAKUFX2XBKB0B1BDNDNGFQVS326WELY3SROYZTUK42K88UCPY5KU4MCNQ0HKJ4LVEKW0J6F6ADM0D88EFF8KAFBQ6SH6O2282K7QS9I70A6IL50K8UTHNG6PHOX5U3N6CF''',7ILHY1B9HN8Q6CBK1I1P4LM1VJM7XNRDT4CH61WGT161TIZNFXOK6SE2MGCN3E64ZPD8B6B9U0IDIQ0IPAGYQQQD5KUT8OK2LAAPVBLVFDWZCA5545LWYX7LVPT4Y1IJQAE89W2HMBN5ALFZ03I73W38TJYHDTNMNCC679BD251A9L0F8PLVDQEN76E4AWQUI5QLL1AW74ZU3IBLPJRJPY4R6BNSFS,7AN6MRA56LQSPEN5MK7MQ2Z6FLZN7AVSY3SY89OMO602Q2W,T643V89UJAODSDE2WMJDIKDTR2ME4SU6VNP3Z0RV8DXV41MJGJ1WK90RXAI0X7ZBNBBT1EOV51X4DV5NNAURKY0ELLCHU3XC1R8IU2S9VWHDW2DC1CH98YSYUG3VTQVN75ZPNGBTIQ5XR,{"key": "value"}
80,10,653536,76.48,423.95,570.29,0,2024-02-6,2024-02-16 22:13:23,2024-02-16 22:13:23,2:52:37,37XBZYA9TS,7SZJV83LBYAX9RX0N8H7GBCRRP689E189U6S0HRN2L9YGA06X03O8H87SYJ153IEWO60UB0PO4126I6VPQBXZ8HPG2O5G97SI0GA364A1XUSBH1CUGSIMTIHHW5K694TV0FCAKV1NI09LV9KQJXFAPTGZZHY7PI1K9I1IYAIF3I6,'b''WG5QZW''','b''HP''','b''X16H7PBLBV7QZCRAVCT8RLTJF5HGF2T8A0GS7WC515HNIPZ3ZK9FQ56S11DK36DJ677M0KCU2IE3PQP6XPDTXP8OGZ9GSEZ7C9PCFZKPSSQAFN64VVI0GB4I4BPOSL04RQ2S927FKKDO1LDXVWTZEAUVRZLNR9YWGWLD5CGZ1HPKPAEJXKHGOF92GVR''',HO5WUBFWY1RLVV4KB7Q2ZD9ZRNSDTNXRXA9ZHO,MQ3E48GKRUDWT0XMKT0RWVM1M6GSRP2XPUQI1F53CXGLJ91571LBV0,1XZ6N21L510N011FMG7NNVZ5MYY6KN6IR49D9LILFUBL1J9DJL1EZGJR6CJ2C2R9DIWXV3K0X2EH1RJ40S5Q50GOBP6TY8CVKXK53ZHG9MNBHP0TVVVDU6ZV6199N6AXRSE94E9NQZL3PX5KXYVOYC6DBY,{"key": "value"}
81,89,379476,898.21,153.64,259.51,0,2024-02-9,2024-02-20 21:52:50,2024-02-20 21:52:50,13:27:56,LQ3GL9YOPW,91OPKZOM3QL1ZVEU0LBP212FECXE1DUJXDDNGU1T72YHITKNLFOLE3B4RDVRL0D2MZQXA0U3MPDS4EOI8C2FLG2GD0H2LCZFLKBHTTXK,'b''W0DXDY''','b''Q4AU6VO''','b''DCA9SZOR86VM3V7F98V40K16WKJW8VSCAUVCBKURNOGJBRMFA2SI9XG''',KNB2E057S3HGBRB309LQTVDI4,QU28NRIIBVJPB5WDRTT7JWZF0S2PLQVJSXXQZS3MMLIXIY3WNVT77GH50NWBR1DRBVKDQNQC7959R46KPV7XASRBLNQE4T15RG0OOCQS5N8R08UYO8FKM3XN2NU4FJY6T9AA0JXQNDTT472R39XVW5EZT1TX6,RG3ZDAE1XHJ9Q52H04F0KHGRHBU4VB0U72LLZAXGX0DEJI8L48T45CIDL4YNO2VMY90J8F78LS9SJV3YPMWBXHSLS5UMWVSYUVIJ7C3S3QEP68B9L1K718D7D6AHCECMQ8SEUOXNN74IUS181,{"key": "value"}
82,46,46652,705.59,901.49,491.75,1,2024-02-23,2024-02-3 3:7:9,2024-02-3 3:7:9,9:12:14,4R2G1IHZ6R,D39OYY3E9VL6IHWK4,'b''1ZCPNN''','b''V6U''','b''UFHIBH7L0E8I04RBLTGQV3AI9RMLYT0I77MCLWBU0TWMOUNLRSCKA7DW2Z4IYWILJ8XQTGB9KP34CCY2QACUKI7951EO1RNIC79KU81TFI6VTOOGPDKEC''',A7AJWOE2TG6A27UZ7QSGLG6NS4M23RS7UL1MC8XJTNNL5H8MM36UQPG7VOTSLU0KWBJ2TG1VRP5HAICEXKZOZS,3MY2KTUHM8DKT59KURODC01QYZ5T7NMZBADC094TNXD5ZN1J,8DASVATCG5FG0DFYFX29NVT7DN9AAXYHWCP30R4XABIDXT1FRFHYPS0QXLLHY651AYKANX1RP1NJ5RH44SVEMHM123MF0V,{"key": "value"}
83,62,183578,909.0,779.15,68.54,1,2024-02-14,2024-02-4 17:11:12,2024-02-4 17:11:12,16:17:4,1YYW064PPB,U9M0U4774HPVODK8U55A0TQMHUC35HWBX2WQY8HR9YAA0B2JZYBZ9S8MCWM21E9BG5BE93OVG2FLT3R2VXLIXXGK0BKUCLJ8PF4LW6OBF976N9OIWTB4O0TBR09CLDGSZ5JUF7ZQJHUJ1LVAWICIAGKWGAVZ4S3ZHPHY1XLXZI9A3SDG1DRO4RDRN4P5ADP2YI8UBTT3DMM5XF57W5D01EUSNOPGHBWTMAF9P0LXLQZH,'b''JJ9XO7''','b''I9''','b''RUPZSBOFDR1GOSWZBDHHGC1NS2Y9SYA5TS2FL3RHVNL3VE34LV7VZATGU6BG90UA58OK3KHSULQK8LKMP9EQBV0101IPOUN13M''',FC8454SQMDYSMJPTONY8YPCOW0WHU3PK01DL9V,22L12NQMMW78ZEUOEUQWZIYSIPKQ9TLOAPVM6RB8UR829YYGFTYDJSB6RN4EQ,3ZB93KRJVULF8JB0AVHG0JPZ8XFAUETWFOQVL5XSXIWNFPQP0H0ENB8QEAKZC364IRAU80FWKZ3WL8D8MGTP8FV499A35J0BR51IHOCB26QZT5Q76BA599GQ5OXMRNV3IMT6L8X58EJCNYDYFDM51F0YEH9UIZ3U5ZHMBUXVDQDVJI6N3UWTA9DXKJYEWAMFS7B6OVC6N9GJIO490QS1EULV47JT9ZD3T,{"key": "value"}
84,66,967455,390.88,884.7,975.33,1,2024-02-25,2024-02-15 16:11:3,2024-02-15 16:11:3,18:42:39,G5HO587533,1AB1HSVDW5RA10HZCFKZCMX4OM0OMWZV7Z4DA5383HBM5M0V9BJ78PKTV5HK3VUPI3G82QMEZFQEBE3HS5EZQDTDWDE5DJ6ZYW,'b''XL07TE''','b''JRGZPO''','b''VEMDKF77XXESKK0ZZAZP37MJKI94EOMNF63M0HNDJAFF4PN2D92R13FQ27BUQZVU0XGZQ9NNYNQ3EXLAUEG52UOLTFIRH1Z570CD44P2VI8EI0HOIQO2XUEXX5TM5S584BRZPO47IX08X''',A3KPUM6SADX94M5T3NJF1JPJ33HM029KR2BNSA9A2ECBZI18J8TYVR7VVI4I2PGD55AQFBF6PTAINI11M81SJKL9BZKJCW54A8VD1O676GZ0H22O8DMP6QWCF805JMQKXVS3I61UHG88DI04XRD,920GPJPBZ2KQH3R9KRDLF66CIVKBT0HHHECWNH9JN7JNE415TUJX3KO94BC223ZA48PW03RSYG6NBZZ3WQBGT07OT0S4YJWO2X7JHC6867BCB0,5I1B00APLMKNF0IR11W,{"key": "value"}
85,77,766278,911.73,201.79,345.25,1,2024-02-8,2024-02-7 8:14:17,2024-02-7 8:14:17,18:4:13,CGT9ID1IWJ,BDBRHEQEIVX8JAIJ6ULO7R2RC41BQERV89LXVV65CCMBCZUL0LZGBDYXXRIRECDVK07P1CU2FT7OVAJ304,'b''4YOQNB''','b''E3BQZ783''','b''C4Q9PT7W3GLONJ''',VO6BNCZ29S4AGFJCBOVDVPZ9NGCQQYT7ZCU4JI69XL46,M35TGNW7ZI6OZFBI8U9N2N8TXUXKVJ22DTKR6BZQB87QQFKYNHLTWEN84IVQUXAZJORSUVSG6PD60O0EZEDR4A0JGYKE6V7BX3SEN7LWDNUZLNPU9IVVW4JYPCLT2BU62P6A5,8SPX9RUPYOBGH3WQVZ1XJQOIO0RQCULHEQWKFJQ3UAF5RHJFA2253H0QSAG8J03G86NV8QA4M7XYQVNEQOXZKTWUY3PFUNOQTNVMX9TJ042SLW0VTXMRTMMOXG4G9D4AT6JRZI3IA4UD2OE390TSH31THANZN7JO622DWZ980DCWAF6FUL6,{"key": "value"}
86,22,134360,686.48,917.01,291.39,1,2024-02-14,2024-02-20 13:31:35,2024-02-20 13:31:35,21:10:42,DLFM73AXIK,8Z6XR9KF8QPXKP2UJUOGWXDF2CAAJH5FYUPZMS0N606TP0U5YMHFKBMG9XGMGSIGNHF91TWE5NQPJJLHV2GR8HQ4MIW7EAWSCVZQQTPKV8K38CXW,'b''568CR4''','b''8O3''','b''V6ACTCP9OW5LT58RAE6Q7X3XN9CXHSR5PCMG3DSYPIOUO4VZ29PV5ETCHOS3N0IENXB62RMQ''',FW92RWMDXUTJ9TG0TTHBIC1K4L5NN81LL7N9J8ZZ163YRU7EMSMNAPD0G1MZQDL3YKEMT4JEY85705WLCH33RXAKWTKY77VALOAGY5WUS4GBUE4LNPFXFP,33YWG228UQUF2IJ43FE7SEOYSVUHAAQYSH6C4R0S1ORYFXP6RY1ZGEWQBP9VZT3DNH5ZMFZZ4IF55HYH073X3TJEPNHEX5V1YB4PT9SASZR6VEZ1JK1EOKZUW7YFT85DPLXLT52DNEMDGYD3YWBVIIOOVQ1LG25B0JVGYNM8F656ZGINSEE7LKHB3N0QPE762SUWMOFQ1W3ENPA3XB,G86KUX3C0ITZ1W24GQ3TC14BOGG1TWA2G51E35P4ROR1N8BQGF3BFJ0Z75LTG73E2A4WOKPNWFLVUHTMQSJYM0Z8HSRRYOHQX54QHZYXIYI4KIFYIOATB2KK0YDLI8C7ASLNS8,{"key": "value"}
87,43,301211,66.73,398.7,126.01,1,2024-02-18,2024-02-1 11:14:5,2024-02-1 11:14:5,12:9:17,ESGHOSYP55,LXMSE4R7FSM8H971GKE4JLLDPLJ2Q90VYMW4V06IHN1IOQKAKWCA4Z8DV0VCG8120UJWDR4XBDTDP3KEDEMIYW6HWERR2MRK,'b''74I1XE''','b''Y9K3A''','b''MBT3BZ5TPV23G9VBCETROOLF2SZQ1AENHHGTR71JH6PVJNSPKFYR6P7S314ITW94I7YMHTK3ROS86DJYB2IWDMJC6Q3002YPH4YM1EO62G7HBM9HFZKIR0OESFFZF5DVHDUFK615EUR7JVY9CYGAS81BK3M2AAS234N11GMZ76EV5ZHWRGC7ML0RO3DMEHEQDF1ED07IRHCIPSDRS1OBD2M8EFBYV6NFNEF9MLS''',GMMXDURQ0TOWYMSDCQH9O1T94L7XCZB6T54IZROJQGDRDNE4TAHS29FS1SQVHZA87IL5P423IDWKXWWB92Q8DXGFRO4NGT1N52D90WC46B2TNL80GJ5JI79ALVTJ7PXBVAMVGIC3N9P50O8U,1XX5BB7Z8PZA580FKF1R9Z2G1QLXYV501P6NGJSMIN3O312MMJIR7IPLK719R7N3QRR0LG692238D68OC59Z3KVB9G0,YCGRR9B6NBEXHBZ3TBA5KT2MQFSW6638TFC31JC1PBWXXVPJRWEF0FLPHCPMPZ0L8ROTBCII20TTG4MVGMV80JHDVC68C9084POOVZJH4N7S3IFQ5IDEZLCF9QQRCSQNPB5RMJVCN1GE267EFPH0UOTN2O0P1Z1,{"key": "value"}
88,99,243886,892.07,539.82,995.64,1,2024-02-23,2024-02-27 17:7:8,2024-02-27 17:7:8,6:8:58,VZXUNWMG5T,WR4XVUCAX7I5XYOXU3JHKG6DTCM3FRC0J39RDYS25B00VENFKA1VLL8UOIK375IZ11JSAN0WY2M0P4DQWT145DLJRFGTHZQBPPNHJCILZJZAQG9OY2LL27RLRCQUJPY5ZH54550ZQ99MJ0BSCMNF5MAQ7,'b''BG0JQL''','b''DCIP0''','b''KH2WM8V16BBZ1T7QQUVA01L0CY7WIPXB''',45,I3RG8K5SK7K9C1SR7TNCARR0EFX47G288DHWO3TYKRZD8K62FN7N4BTSOHL9DCRJ40F0JYPBCWGURS6CD1DW5285RMKU0TDQTDG4STS5OZKGI4XN8CIEVKJ8Q0H3RC1IZZTK60KMNHVLZY32GBUZHQBMWO75KDJHIL9TCTQKJKW13ZUWJYVB6GTR40XJNBCRC5F,SYMAMKNSKORL7PEF6ZER8HFF5T6V9XXVQDFC7VR,{"key": "value"}
89,24,589900,821.95,376.38,896.51,1,2024-02-27,2024-02-19 21:46:33,2024-02-19 21:46:33,22:23:5,N8SWU3ZNZ7,VTRFECIMJTIRTPRF1RCDXXVNKPL8KUVR8VCD,'b''OQBLEZ''','b''AQIT''','b''1JISZRKJ8MBBC9JLNRIG5Y7BRU09YG16LRE8IOQ2BZSKZOPWX6F45V8ZFYBV6BX2STCJE9MZQ4QDQ6YURT9AN7MDEQ5GHIGS1AG39BL3KNQBYGAFA7ROQ5OBABMS9L8FY4Y6Y9PRUC1YPWUACDGTZ0QCYIR4MT3IHRRB6QO9QWUYYAYO6M1E3W''',B4B63J6130H08HADYZD6IGX4XPCHBCWG,ZKJGOWFRUKSU9HAHK2ZPIONY0Q2VX38EX5L9A5P4MNAX1IB8BZHQ7ZKX6NXHESFUN47J1UJLWZDOL,EV1HYFXI9XYN0KCZRJGBZER57JQZKCBVZKEN,{"key": "value"}
90,54,83965,944.78,538.12,95.68,0,2024-02-3,2024-02-14 9:24:54,2024-02-14 9:24:54,5:56:50,KVYJZ26L4O,6D4DDGH1VXO6E9FS5JPQO41JGDP2SCDBILO6I1HE5GUL1W5JDDFBL963Y7FO3AKZ0E35661LFX26P933K1MMZZTE8TBYU0F5G5QW4I200HQVQ1VB9549I9ESG6O,'b''SHDWB5''','b''ATMFMJFX6H''','b''8BD3YICIHNQ7C2KRX9LX9L62SI93X0LJZGTSP32VWAE3MTCMJGGJEE1HRHGKDDOJ9NX68IIA1X0KKTJHFUD84Z5DYZK0YK2BLRWBH6JWBJCNV8WOQC0F31WYAO2J8IN''',GZKZLOOJ118BI1LZTQNSCEL8WWICDPTZ3HJTMY5U68UBE1XGL8UYPYLSITA04SAUSLSQ6NNJOHJYY0LZ0GGOMCLUC634C5TA4P7QNKPIHCQ6S5QNZVB8IHQ093L1XEXPGEMD78VRLWH9H5O2WPYG6ZGUF4SU34B6VTK3ZWFRGIG4LYT4ACFTOQZRBVYHU8HLY8FFQWDM9GABBYLPLGI5Q6MEY69LUEW8HPH,8W8CAPIKF9QBBGUG0HELO3X4HOINI6O5KYY18A3Y155S3NUZ3R49IKIOYJH2H6D1BFKBXUKHAJVAHG0RXAHWPQLXB2F6V6NH3BO04DCNI98L2BIB3AGW0RBRGUTKXM14SPT1K7R0CU4KO7HGXQXFJS8S5BUNIU,VXVBBJQ4260XIJVYIKNONIFN5BAV487OJTSNRM05T5F4FM9PH0PF24PM7YZ70ZZHUCWS08N190XPXN49UBFHAPFVKZAIREERD4ECWDG0S7SFW731SB3MZJGOUQ32OOKAG18,{"key": "value"}
91,79,300569,160.78,821.28,727.79,0,2024-02-8,2024-02-12 7:3:59,2024-02-12 7:3:59,8:56:29,VX1GZHWV4J,6CBRCSKJ6CS2JY,'b''5URU6K''','b''EWADTXSM''','b''8Z649AQH21LVUEZF810SUXSQ0F812NAY5TA8JY7ROYM13C27KWEYR0MESNVTX0HH1Q0U9RWQQ7Q8DLZGTGIKI35I7Z7WY3PC7XAOWA9NEJN2LQFU52F579LIZM6Z655O9A04ODKZ9IA57M960JOC1NFYUFTMJG5MNX3N6A1EFS64ZS9HHHHS5ADHGCN97PNOBDBGVZFH478AH8''',1C4ZANQ1WEAFD91TNL7DEOMYKDI1990UKX1RQS3D8G78VYNL78X8UQBFLL41HZXYW6HPL0EFDNZHAB9KCU72DD5VXVAP1YWKCHO8YXUUHJGSMN0FC897GDJ4U18NLQNOH9A4OD7GHA9UNGR4,3HMXWSQNLGOA999FZZX8WCV744HGT9LZLXRKL36IJE393RRCQIUL1AZS3PI98988DWXX7TVXPX2ERIIRUMWCNDSBBUT0BRDTKSQJAMGZ2J9D8HMTDQSUHETJM23CSRA3WR150Z0UJBKLR13JA8SI4FRAX39,3U6Z87CLYLXHB0LOWFF7BM02B1PAKDFG8P75S3CDJEG5EJ2UXQIKXZBYBVMLDLUHSHMCE31DPG9SJ2MXWLS7IUEFPXNPPSED1CA3Q4HA35AKRY0OX0KHNCNHSQ,{"key": "value"}
92,61,715680,625.92,234.03,419.9,0,2024-02-21,2024-02-16 10:14:54,2024-02-16 10:14:54,21:48:15,B06KTXIDZ5,GOUDL2Y4I114Y60N9KXFBA8CHHQ9DF0MVK5JMZTZXX8LX3U15V020ZSELO902D1C85H6AN1E4Y,'b''3XTBIN''','b''9VBMX2WP''','b''3YSHFIV2JLRVO22D1DTTNB7QV2OVGCPQOJASV0USDPFX4HYW93JSABC02QMJ9CR61KLU''',FOD0ZL50JKGDN55C4T8DX0KH0L,WYTBQOPYTBX14AQBGILQXHBKLMYI9C01TR55EWIP5ZOQIUQ2GPITR6JOAWIKZITA19421M3N35FFOQ58BPFLASBKZUMEFROBAK1EID2CM0YL9NCQS7D10DU0JAMS4X647JQ73X1YL9WJEJVV9M0ORF8MPO4Q1LD7WJVSZ616XEZ1NJH2YBNU4LW4Z7HBWHXT4956M2YS2HP0E52VF9UQHWIUX4HU9BG4OQ1S0ZSDGKYTXHIV,75XDV1R7G3YF4LDRSU403GSZP2OXXYD0P,{"key": "value"}
93,25,252105,682.12,330.32,814.11,1,2024-02-25,2024-02-19 0:4:28,2024-02-19 0:4:28,18:1:0,O3SJNSFUIE,Q6KJG9U553NE17TUGETWYXQGPA4R8V6B7IY9NSL3FRMUDAMKN6F3NJQWK0LZFVMPNLB1YQSWUDEB7LJ40CJP,'b''MF41PW''','b''88GO''','b''A4CJSLIWL9807I3QIP7R99KKCBIVBI41K2UY3XBJWIGSZ9A9A4A212D2RNKZFKITLMHMNX6E6MDAWGQ4Y7OT65ZF5XG21WM085KX39EVRKGOFMN9D98HKERO8OBL66XEB6B7I5YDOUBTUFAWJ0GWZYHFA48TLZOWU1PG5WRCY4453YUIE1R58VAG1S6B14OCRUH6G6JM4WXTIXF02''',GELWISXUNQ3ZXIPL14,4BGGZBXQXIS5NHQLTENUNP7KVXTN713W3BHHYHJ6856JJ8GONOV5SG6O431BERCKBS3VY708IJYLR6QTXDEZN4UPMQGCJO536YDI4J9RC3II3F2ODCHKEM9AK5TOKBP26Y54C2MOTBM8JSULF6WWQ,HGFM4AFY91NULAXS3V9AJ6ANO71UB4DCQ7UO7D1HZ2AHEDGN1I7WUBTWMJ1CK0TEIJPRS9H2GUMU8SQJO5SH6DT51F7XQ,{"key": "value"}
94,77,421593,938.68,79.36,220.42,0,2024-02-23,2024-02-18 11:27:39,2024-02-18 11:27:39,16:33:4,SCJPR19G7L,V5239QWZE2J608N07968SIHXMW7FQRPZE27S7QJTA6WJI21TUBLPO063QF3E0WAF6YOJPRDAAA0BCB04J3J8U7SLOR8GA39NYKFQX6QKML1598Q66EFH7FV,'b''FBEEYL''','b''OV''','b''E6K1EJTMLBMX7F1B2X37OV6W8G3S7KCGWT7767BCHW58OH8FXQPGTQFNZHDHFRWV9OOO''',UXRF3ZNYJMRBXKDQ1FUXVS4FS260LLWNJZA9HTQJYOVPPJ55X2PEKCG3MI2E70I88IQV7O9WG41NANDWVU9QF3BQ9UGU,3OSNIZVCTLQ0GEFW2Y5SHQYD1V9CAR2M8Y81PVB7RHAUH2V9Q8DEL8JQKAE27ZZ0XBMJ0E946CKGM6WY73CCIQDGE8C7B134JNAYFZX5P8MOUUK3T,C7PQB9S39J0MI1UD6JVRJXUJ3L25ZRZ1K43FITD5RN3H9ODK0RJ3ER6JLKRIXJ5WJWA44Z08QD6P8WRC9MU8CNWOAZ5SQ7P8VYW2U7QDT9ICNTI4CJZNNEO1WJ5C4GVATJMLR5JW3NBMXMNQ991F8J85UGFIE4PXHRMBPR2GOXEBM9EVFKGQFVZDTEPI9QEVEZOCEFAKZHE9YYHO3W9MUOI69O,{"key": "value"}
95,49,657730,204.4,528.24,407.7,1,2024-02-4,2024-02-27 15:11:16,2024-02-27 15:11:16,16:5:20,PGLUC8LIKF,PASDNRN5BGUC19LR4II1F8C6092DW0T01EZXJE,'b''BQG8CV''','b''VR''','b''WLF50ZU4G97K80JFJY8TA0FWOPUNUBOE85X4MAATHWRSM721DGNAXVK6EKRT5JJMT9XBVTP1I6JIJKB0PDBGYH313PQ5WC6UGKXQJGX0GK83LPU01JIPUK330NE0GMOEMQNM025NCUCN2SBRRHI8AFH8PEH5VC87GIUYL''',HQCPUPZ1TA501O0MBLT5OE4JTNRD906O3BT86WUJQNZGWPI6EW68GW89LSI1N,79W5UU796TVU7O0J04YAXDHJHZ85V1BBISGQFS91I,RELB8S6IL8TSNP77NA7U,{"key": "value"}
96,11,270663,434.72,516.2,170.14,1,2024-02-6,2024-02-4 2:19:18,2024-02-4 2:19:18,22:25:56,UN571QKQ2E,LB5LVPNTX11NOHXEPT4HKTV9DXLWT41W3ZJVVDDOBSE3OHB00XQHYUG3Q5JXB0QVM0CPVQMCU814FQD33KIRN8T2F4MB2PDUZGHF93C7IJYUKI2PEAEJCJ05GZTXDCMEIREM2O3SIZFXNJN1L17CGK1W4YKSQFJ8QLRAV68G57XTQPEI5U0UN2N4V1BGO9QE3HDB0A3QGXDVTYW743W6WINAR8PMTSUZ1BXEG8XKAW8O09B3M8YD,'b''9LGDNH''','b''B9''','b''GAHLJTEMG3PGMKGG2RNOSN9POUXX03J5XZBVQ26MDEP4NQEODGET54V2N8PJD0UFMLRDEHXKIPSKPYWOLWE690ORYPCLHPAJ70QT5V0MO82XKYWNF1K3L7HYPSQM9IRQJPMADDWTGJIHXROD6JMUXW9YWN6B0CYL92IEXF85HETL4TMXM03RYSF1J7APWM0''',EPHJ33TCO6IVHNHZMS3YT317H8Z2BBQTHXLZ21MH,OGXEMEJG9LD0E5UZ0VOSFXIXCZQ78RH5HRSBQ334DBASNMDCFICLGHWVAIFXIWEPQFY9H750NILTSH3B1Z53CJKC55FRP2ETHGJ4YLYAWQO33PC8W4FS1GM95HCFBPPEMDMTC1BLZ384NLH7RGM9AEVM,2EADEDHXTPOR6JTWN374CKRK6RO78VFNX2KF4MBDW1H4TS6MOFKNFLAF4UDL418UX0INXM1G3Q7G1FJP6P3TEUIX2S8KVZKCSMSDUL25JVHH1ZA6NUF6KZC1CRR70HCXIXJCGKZUVFY9RV3NR0F3L6N3RMNGDZQOMJ,{"key": "value"}
97,55,734561,40.33,594.27,505.99,0,2024-02-23,2024-02-24 17:4:32,2024-02-24 17:4:32,17:35:30,GS5N5SAWKA,ALTTQUBQVGBEU2Y5NXT9V09F5N9PMKRY0TO19KPPKHYW3NS8U55A9GVGIP38VFSW7ASNKPPGKN5VNPOYCK9OJDITYXIH0JPP4AGGPAV9OHJZ94VIV8QTZIMGC9NFU06AFS0VWPVQAJBKYH3MSRDRH4N952UNMZ2XC8XMLZ378BHJJIKXLFO8MJ58J15AFE6V5VPJN5SAJMRB0POQZR77MY9QQ6ZXDNJGDVWFYV51ISHX0,'b''H5I00B''','b''IYSDL33''','b''NV4RMVQMJ6YBQAYVE4P6K0HN6EI9UH04KI3F8BDFIYZ''',UF8LL9YD547S69RI5WWCFYDECZX69MYAR0N20FQDM2MBFE7TLQXQPQPQPYPYI22JZG0RIPU113R3I1R8ELWUDC6TQJ02V3XMZM3M9G2NGKHGVY88RB571JUN900ZYXVVEZ9PM8365OQU1LX8NLHZS6CRGQKQQHI6LV8X9O7EIWWXY5WAHR0BAU7J3DN8NTKOZZT0TT62DGB0WYXMAIA,2YVCXG4N26EAVHRG1DG10RW00JBP18VJ7VAO1FCV4FDFXAJ3O50ZUTYYJTDYN4CJH8MEEECE7DV7PXGDZNG1GK7HJMOWH15HHTABXRPXFWJ9AZ7Z4RG7IAGJNI0PCM8HPF4ZKJN53224MTPQXOBCFDHCY6KJNM6K27X7LJ,A504F1LY7DOZ1Y15FF5UGZXOTM7RE3JOJL8WCDALNVMOV2XI671BGO7Q8IB7FV5P25JPNKU9QVPMK6PHSYSAMRPQKT9G0FO1JU8K12TKH1M17JU7EWKR8HQ1PY0R4TFLG3WK34TKB48EAB8954N7F73Q5NPW2S1QECZMK6G4LWKXABGN0L81SEP0Z,{"key": "value"}
98,41,70794,253.15,525.77,174.98,0,2024-02-3,2024-02-6 6:31:9,2024-02-6 6:31:9,23:36:5,0NLVJ0GBMD,9AANM21U9J5JMKLHIQDVCY9KTIM7W9U4XKKKJULYPIF8756LKN6AHDXQK3Y49D8CP8MDKMLGDQOY2HQQDR16BFJ5UKTSNXETVOMZZO8GVXFR85UF1Z5MZFQ06MR6SU5EF77T2FBRAUHKYUCA0U6BJO0GUT2O4JE9BFEPNF2OEISSQ45MO9EWA8B3DV5XJHX4B4X4P48A2SVLLDGEEP93F62DZE1YCF2HCE73ZWDI3MNL9307YV3IJUBFLOFG8XV,'b''T8ZCAF''','b''A1ZY2''','b''Y8Z9VCPOH5R4M0B17TGJJ4GOVZWMITKWN3AWMYQXTVEY0CUN4CGWE6OS''',I1QSPHCQLO3EBN2Y1F2OVYITR5P2VWNSBXRH31IRF9EQG5J60IKWA,KJRYUKTENGNDD06Z2CMSF02YKBNJF8N458B9TRL6ONGSPIRW5BQSFE7LYJD2X,SOS120T3DMO3H2BZQLWAIZSYPFV5OI4A7I3TG7DM8OVXHCWYHV8VH9WCACGUD8NEDMVMNA2WHHM8APD08Y51KUSQPCRC5SIHZ9XRNF0V,{"key": "value"}
99,1,652434,122.79,669.22,624.28,0,2024-02-17,2024-02-13 15:23:23,2024-02-13 15:23:23,7:8:7,Y3CBA1ER3C,MNHL6IRGN2OVBK5FEGHCULF1F3F4CRGKHBK8MDBNUZ8BANVNXX15WBBV7KUSYTUMAE16OT3KBTELUI07XQ51R0IYYWH48KGSG0XEY7AUDJDLAFB6EASX2EXXHPJ3SYLILUVDVM6KH3R8JQZ8K1I0X0FXPTZXW4DLSQXTHY83DJF969YQS7Q5FN0LAM8RBLBFZOQP2BAI9FA17WB7O3DA4ZV6ZYK055XNCUFW4R6705BPGJ03HERA3,'b''FGWJLO''','b''N6MEUME2Q''','b''POFBFWJ25NHEY1LANQW4NIZDJCCBLX18T4CN8DNRL983L5GUXCQNACKVKN7DWIRGS4284NLMA7R9JTNT532KZ7T2KMR13KOXQSJFFT6SMAGU1Y6BY6NLXBJTBTKRESFHOJ4P3G5MV6GYV92R8CXJ7MUTIXAI43MQ1JJ''',U5OW49C15C52DCPE8BJP2AKAV5NMDWMN19K8,747AZ0SAYWHGLMUQE2LL3WBVS9SFAREHYX7CM61ID15SVIZVZHWVQ7G9L8R90OR23J03YHPCRRMQFTOG54B4ZJXJG,GWT4N9D82956NTIY6L2DSE1BO7UG9SLQ4MDKR3ZOBN4JUWX2FXQ2JZ7502O1ABO1B6Q1XT5PB6U3CC3KLF6K198SV07PPQ7E3UVV9F2YB3YULNNX4HL5146R36OMCAOM0VWGGCP7V6551JLH3QZGQO4X5X98X1ISDTO3UL3ODZBZ7HEIBPGUYUTG4WFH96KILSW6W69SG68YLV9IBPTNVZZX5NE6YSRCNKYRXF0E862LAVY,{"key": "value"}
